ID,Year,Market share,Manufacturer,Model,Range,Price,HP,Chargetime,Type,Segment,Country,Sales
1,2013,0.0,Aiways,U5,400,0.0,201,34,SUV,C,CH,0
1,2014,0.0,Aiways,U5,400,0.0,201,34,SUV,C,CH,0
1,2015,0.0,Aiways,U5,400,0.0,201,34,SUV,C,CH,0
1,2016,0.0,Aiways,U5,400,0.0,201,34,SUV,C,CH,0
1,2017,0.0,Aiways,U5,400,0.0,201,34,SUV,C,CH,0
1,2018,0.0,Aiways,U5,400,0.0,201,34,SUV,C,CH,0
1,2019,0.0,Aiways,U5,400,0.0,201,34,SUV,C,CH,0
1,2020,0.0,Aiways,U5,400,0.0,201,34,SUV,C,CH,0
1,2021,0.010373360242179617,Aiways,U5,400,284621.7,201,34,SUV,C,CH,257 
1,2022,0.0059762907808366805,Aiways,U5,400,313681.829,201,34,SUV,C,CH,183
1,2023,0.002860143815140987,Aiways,U5,400,264524.0,201,34,SUV,C,CH,177
2,2013,0.0,Aiways,U6,405,0.0,214,34,SUV,C,CH,0
2,2014,0.0,Aiways,U6,405,0.0,214,34,SUV,C,CH,0
2,2015,0.0,Aiways,U6,405,0.0,214,34,SUV,C,CH,0
2,2016,0.0,Aiways,U6,405,0.0,214,34,SUV,C,CH,0
2,2017,0.0,Aiways,U6,405,0.0,214,34,SUV,C,CH,0
2,2018,0.0,Aiways,U6,405,0.0,214,34,SUV,C,CH,0
2,2019,0.0,Aiways,U6,405,0.0,214,34,SUV,C,CH,0
2,2020,0.0,Aiways,U6,405,0.0,214,34,SUV,C,CH,0
2,2021,0.0,Aiways,U6,405,0.0,214,34,SUV,C,CH,0
2,2022,0.0,Aiways,U6,405,0.0,214,34,SUV,C,CH,0
2,2023,4.847701381594894e-05,Aiways,U6,405,360638.0,214,34,SUV,C,CH,3
3,2013,0.0,Audi,e-tron,375,0.0,402,17,SUV,F,DE,0
3,2014,0.0,Audi,e-tron,375,0.0,402,17,SUV,F,DE,0
3,2015,0.0,Audi,e-tron,375,0.0,402,17,SUV,F,DE,0
3,2016,0.0,Audi,e-tron,375,0.0,402,17,SUV,F,DE,0
3,2017,0.0,Audi,e-tron,375,0.0,402,17,SUV,F,DE,0
3,2018,0.0,Audi,e-tron,375,0.0,402,17,SUV,F,DE,0
3,2019,0.04062957540263543,Audi,e-tron,375,979704.475,402,17,SUV,F,DE,222
3,2020,0.034680039553609265,Audi,e-tron,375,890101.41,402,17,SUV,F,DE,491
3,2021,0.010494450050454086,Audi,e-tron,375,800035.193,402,17,SUV,F,DE,260
3,2022,0.017569641749126418,Audi,e-tron,375,789723.656,402,17,SUV,F,DE,538
3,2023,0.0010988123131615093,Audi,e-tron,375,673037.728,402,17,SUV,F,DE,68
4,2013,0.0,Audi,e-tron GT,472,0.0,522,17,Sedan,F,DE,0
4,2014,0.0,Audi,e-tron GT,472,0.0,522,17,Sedan,F,DE,0
4,2015,0.0,Audi,e-tron GT,472,0.0,522,17,Sedan,F,DE,0
4,2016,0.0,Audi,e-tron GT,472,0.0,522,17,Sedan,F,DE,0
4,2017,0.0,Audi,e-tron GT,472,0.0,522,17,Sedan,F,DE,0
4,2018,0.0,Audi,e-tron GT,472,0.0,522,17,Sedan,F,DE,0
4,2019,0.0,Audi,e-tron GT,472,0.0,522,17,Sedan,F,DE,0
4,2020,0.0,Audi,e-tron GT,472,0.0,522,17,Sedan,F,DE,0
4,2021,0.0033905146316851667,Audi,e-tron GT,472,1278896.11,522,17,Sedan,F,DE,84
4,2022,0.0020900689069592764,Audi,e-tron GT,472,1287318.5,522,17,Sedan,F,DE,64
4,2023,0.0003716571059222752,Audi,e-tron GT,472,1219342.0,522,17,Sedan,F,DE,23
5,2013,0.0,Audi,Q4 e-tron,496,0.0,281,28,SUV,C,DE,0
5,2014,0.0,Audi,Q4 e-tron,496,0.0,281,28,SUV,C,DE,0
5,2015,0.0,Audi,Q4 e-tron,496,0.0,281,28,SUV,C,DE,0
5,2016,0.0,Audi,Q4 e-tron,496,0.0,281,28,SUV,C,DE,0
5,2017,0.0,Audi,Q4 e-tron,496,0.0,281,28,SUV,C,DE,0
5,2018,0.0,Audi,Q4 e-tron,496,0.0,281,28,SUV,C,DE,0
5,2019,0.0,Audi,Q4 e-tron,496,0.0,281,28,SUV,C,DE,0
5,2020,0.0,Audi,Q4 e-tron,496,0.0,281,28,SUV,C,DE,0
5,2021,0.061231079717457115,Audi,Q4 e-tron,496,523778.222,281,28,SUV,C,DE,1517
5,2022,0.05813004147480487,Audi,Q4 e-tron,496,525536.206,281,28,SUV,C,DE,1780
5,2023,0.03795750181788802,Audi,Q4 e-tron,496,658553.07,281,28,SUV,C,DE,2349
6,2013,0.0,Audi,Q8 e-tron,518,0.0,335,27,SUV,E,DE,0
6,2014,0.0,Audi,Q8 e-tron,518,0.0,335,27,SUV,E,DE,0
6,2015,0.0,Audi,Q8 e-tron,518,0.0,335,27,SUV,E,DE,0
6,2016,0.0,Audi,Q8 e-tron,518,0.0,335,27,SUV,E,DE,0
6,2017,0.0,Audi,Q8 e-tron,518,0.0,335,27,SUV,E,DE,0
6,2018,0.0,Audi,Q8 e-tron,518,0.0,335,27,SUV,E,DE,0
6,2019,0.0,Audi,Q8 e-tron,518,0.0,335,27,SUV,E,DE,0
6,2020,0.0,Audi,Q8 e-tron,518,0.0,335,27,SUV,E,DE,0
6,2021,0.0,Audi,Q8 e-tron,518,0.0,335,27,SUV,E,DE,0
6,2022,0.0,Audi,Q8 e-tron,518,0.0,335,27,SUV,E,DE,0
6,2023,0.007255393067787024,Audi,Q8 e-tron,518,796974.4,335,27,SUV,E,DE,449
10,2013,0.0022371364653243847,BMW,I3,295,250000.0,167,18,Hatchback,B,DE,1
10,2014,0.041750841750841754,BMW,I3,295,282999.667,167,18,Hatchback,B,DE,62
10,2015,0.12430238457635717,BMW,I3,295,282299.667,167,18,Hatchback,B,DE,490
10,2016,0.1907563025210084,BMW,I3,295,282300.0,167,18,Hatchback,B,DE,227
10,2017,0.04,BMW,I3,295,322452.125,167,18,Hatchback,B,DE,26
10,2018,0.05930470347648262,BMW,I3,295,414322.0,167,18,Hatchback,B,DE,87
10,2019,0.07942898975109809,BMW,I3,295,359098.022,167,18,Hatchback,B,DE,434
10,2020,0.007345670292414183,BMW,I3,295,338542.0,167,18,Hatchback,B,DE,104
10,2021,0.007023208879919273,BMW,I3,295,316588.409,167,18,Hatchback,B,DE,174
10,2022,0.0011103491068221154,BMW,I3,295,345494.87,167,18,Hatchback,B,DE,34
10,2023,1.6159004605316314e-05,BMW,I3,295,316820.0,167,18,Hatchback,B,DE,1
11,2013,0.0,BMW,i4,516,0.0,281,31,Sedan,D,DE,0
11,2014,0.0,BMW,i4,516,0.0,281,31,Sedan,D,DE,0
11,2015,0.0,BMW,i4,516,0.0,281,31,Sedan,D,DE,0
11,2016,0.0,BMW,i4,516,0.0,281,31,Sedan,D,DE,0
11,2017,0.0,BMW,i4,516,0.0,281,31,Sedan,D,DE,0
11,2018,0.0,BMW,i4,516,0.0,281,31,Sedan,D,DE,0
11,2019,0.0,BMW,i4,516,0.0,281,31,Sedan,D,DE,0
11,2020,0.0,BMW,i4,516,0.0,281,31,Sedan,D,DE,0
11,2021,0.0,BMW,i4,516,0.0,281,31,Sedan,D,DE,0
11,2022,0.016753208582345448,BMW,i4,516,659175.807,281,31,Sedan,D,DE,513
11,2023,0.0281328270178557,BMW,i4,516,556896.385,281,31,Sedan,D,DE,1741
12,2013,0.0,BMW,i5,560,0.0,335,28,Sedan,E,DE,0
12,2014,0.0,BMW,i5,560,0.0,335,28,Sedan,E,DE,0
12,2015,0.0,BMW,i5,560,0.0,335,28,Sedan,E,DE,0
12,2016,0.0,BMW,i5,560,0.0,335,28,Sedan,E,DE,0
12,2017,0.0,BMW,i5,560,0.0,335,28,Sedan,E,DE,0
12,2018,0.0,BMW,i5,560,0.0,335,28,Sedan,E,DE,0
12,2019,0.0,BMW,i5,560,0.0,335,28,Sedan,E,DE,0
12,2020,0.0,BMW,i5,560,0.0,335,28,Sedan,E,DE,0
12,2021,0.0,BMW,i5,560,0.0,335,28,Sedan,E,DE,0
12,2022,0.0,BMW,i5,560,0.0,335,28,Sedan,E,DE,0
12,2023,0.005930354690151087,BMW,i5,560,728853.353,335,28,Sedan,E,DE,367
13,2013,0.0,BMW,I7,601,0.0,449,28,Sedan,F,DE,0
13,2014,0.0,BMW,I7,601,0.0,449,28,Sedan,F,DE,0
13,2015,0.0,BMW,I7,601,0.0,449,28,Sedan,F,DE,0
13,2016,0.0,BMW,I7,601,0.0,449,28,Sedan,F,DE,0
13,2017,0.0,BMW,I7,601,0.0,449,28,Sedan,F,DE,0
13,2018,0.0,BMW,I7,601,0.0,449,28,Sedan,F,DE,0
13,2019,0.0,BMW,I7,601,0.0,449,28,Sedan,F,DE,0
13,2020,0.0,BMW,I7,601,0.0,449,28,Sedan,F,DE,0
13,2021,0.0,BMW,I7,601,0.0,449,28,Sedan,F,DE,0
13,2022,0.00022860128669867084,BMW,I7,601,1940521.2,449,28,Sedan,F,DE,7
13,2023,0.0006786781934232851,BMW,I7,601,1865194.44,449,28,Sedan,F,DE,42
14,2013,0.0,BMW,iX,443,0.0,610,31,SUV,E,DE,0
14,2014,0.0,BMW,iX,443,0.0,610,31,SUV,E,DE,0
14,2015,0.0,BMW,iX,443,0.0,610,31,SUV,E,DE,0
14,2016,0.0,BMW,iX,443,0.0,610,31,SUV,E,DE,0
14,2017,0.0,BMW,iX,443,0.0,610,31,SUV,E,DE,0
14,2018,0.0,BMW,iX,443,0.0,610,31,SUV,E,DE,0
14,2019,0.0,BMW,iX,443,0.0,610,31,SUV,E,DE,0
14,2020,0.0,BMW,iX,443,0.0,610,31,SUV,E,DE,0
14,2021,0.0010898082744702322,BMW,iX,443,879137.759,610,31,SUV,E,DE,27
14,2022,0.010842232454851245,BMW,iX,443,972960.565,610,31,SUV,E,DE,332
14,2023,0.007950230265815626,BMW,iX,443,808670.11,610,31,SUV,E,DE,492
15,2013,0.0,BMW,iX1,431,0.0,201,29,SUV,C,DE,0
15,2014,0.0,BMW,iX1,431,0.0,201,29,SUV,C,DE,0
15,2015,0.0,BMW,iX1,431,0.0,201,29,SUV,C,DE,0
15,2016,0.0,BMW,iX1,431,0.0,201,29,SUV,C,DE,0
15,2017,0.0,BMW,iX1,431,0.0,201,29,SUV,C,DE,0
15,2018,0.0,BMW,iX1,431,0.0,201,29,SUV,C,DE,0
15,2019,0.0,BMW,iX1,431,0.0,201,29,SUV,C,DE,0
15,2020,0.0,BMW,iX1,431,0.0,201,29,SUV,C,DE,0
15,2021,0.0,BMW,iX1,431,0.0,201,29,SUV,C,DE,0
15,2022,0.0006858038600960126,BMW,iX1,431,582980.929,201,29,SUV,C,DE,21
15,2023,0.015787347499394037,BMW,iX1,431,484887.485,201,29,SUV,C,DE,977
16,2013,0.0,BMW,iX3,457,0.0,281,31,SUV,D,DE,0
16,2014,0.0,BMW,iX3,457,0.0,281,31,SUV,D,DE,0
16,2015,0.0,BMW,iX3,457,0.0,281,31,SUV,D,DE,0
16,2016,0.0,BMW,iX3,457,0.0,281,31,SUV,D,DE,0
16,2017,0.0,BMW,iX3,457,0.0,281,31,SUV,D,DE,0
16,2018,0.0,BMW,iX3,457,0.0,281,31,SUV,D,DE,0
16,2019,0.0,BMW,iX3,457,0.0,281,31,SUV,D,DE,0
16,2020,0.0,BMW,iX3,457,0.0,281,31,SUV,D,DE,0
16,2021,0.011140262361251261,BMW,iX3,457,605151.495,281,31,SUV,D,DE,276
16,2022,0.038143757552006795,BMW,iX3,457,619966.965,281,31,SUV,D,DE,1168
16,2023,0.014316878080310253,BMW,iX3,457,530977.135,281,31,SUV,D,DE,886
17,2013,0.0,BYD,Atto 3,420,0.0,201,37,SUV,C,CH,0
17,2014,0.0,BYD,Atto 3,420,0.0,201,37,SUV,C,CH,0
17,2015,0.0,BYD,Atto 3,420,0.0,201,37,SUV,C,CH,0
17,2016,0.0,BYD,Atto 3,420,0.0,201,37,SUV,C,CH,0
17,2017,0.0,BYD,Atto 3,420,0.0,201,37,SUV,C,CH,0
17,2018,0.0,BYD,Atto 3,420,0.0,201,37,SUV,C,CH,0
17,2019,0.0,BYD,Atto 3,420,0.0,201,37,SUV,C,CH,0
17,2020,0.0,BYD,Atto 3,420,0.0,201,37,SUV,C,CH,0
17,2021,0.0,BYD,Atto 3,420,0.0,201,37,SUV,C,CH,0
17,2022,0.001600209006890696,BYD,Atto 3,420,314175.942,201,37,SUV,C,CH,49
17,2023,0.0035872990223802213,BYD,Atto 3,420,310000.0,201,37,SUV,C,CH,222
18,2013,0.0,BYD,Dolphin,427,0.0,93,40,Hatchback,C,CH,0
18,2014,0.0,BYD,Dolphin,427,0.0,93,40,Hatchback,C,CH,0
18,2015,0.0,BYD,Dolphin,427,0.0,93,40,Hatchback,C,CH,0
18,2016,0.0,BYD,Dolphin,427,0.0,93,40,Hatchback,C,CH,0
18,2017,0.0,BYD,Dolphin,427,0.0,93,40,Hatchback,C,CH,0
18,2018,0.0,BYD,Dolphin,427,0.0,93,40,Hatchback,C,CH,0
18,2019,0.0,BYD,Dolphin,427,0.0,93,40,Hatchback,C,CH,0
18,2020,0.0,BYD,Dolphin,427,0.0,93,40,Hatchback,C,CH,0
18,2021,0.0,BYD,Dolphin,427,0.0,93,40,Hatchback,C,CH,0
18,2022,0.0,BYD,Dolphin,427,0.0,93,40,Hatchback,C,CH,0
18,2023,0.0032802779348792117,BYD,Dolphin,427,233235.167,93,40,Hatchback,C,CH,203
19,2013,0.0,BYD,Han,521,0.0,509,44,Sedan,E,CH,0
19,2014,0.0,BYD,Han,521,0.0,509,44,Sedan,E,CH,0
19,2015,0.0,BYD,Han,521,0.0,509,44,Sedan,E,CH,0
19,2016,0.0,BYD,Han,521,0.0,509,44,Sedan,E,CH,0
19,2017,0.0,BYD,Han,521,0.0,509,44,Sedan,E,CH,0
19,2018,0.0,BYD,Han,521,0.0,509,44,Sedan,E,CH,0
19,2019,0.0,BYD,Han,521,0.0,509,44,Sedan,E,CH,0
19,2020,0.0,BYD,Han,521,0.0,509,44,Sedan,E,CH,0
19,2021,0.0,BYD,Han,521,0.0,509,44,Sedan,E,CH,0
19,2022,3.2657326671238694e-05,BYD,Han,521,580387.667,509,44,Sedan,E,CH,1
19,2023,4.847701381594894e-05,BYD,Han,521,590387.667,509,44,Sedan,E,CH,3
20,2013,0.0,BYD,Seal,540,0.0,522,38,Sedan,D,CH,0
20,2014,0.0,BYD,Seal,540,0.0,522,38,Sedan,D,CH,0
20,2015,0.0,BYD,Seal,540,0.0,522,38,Sedan,D,CH,0
20,2016,0.0,BYD,Seal,540,0.0,522,38,Sedan,D,CH,0
20,2017,0.0,BYD,Seal,540,0.0,522,38,Sedan,D,CH,0
20,2018,0.0,BYD,Seal,540,0.0,522,38,Sedan,D,CH,0
20,2019,0.0,BYD,Seal,540,0.0,522,38,Sedan,D,CH,0
20,2020,0.0,BYD,Seal,540,0.0,522,38,Sedan,D,CH,0
20,2021,0.0,BYD,Seal,540,0.0,522,38,Sedan,D,CH,0
20,2022,0.0,BYD,Seal,540,0.0,522,38,Sedan,D,CH,0
20,2023,0.000517088147370122,BYD,Seal,540,320620.0,522,38,Sedan,D,CH,32
21,2013,0.0,BYD,Tang,400,0.0,509,45,SUV,E,CH,0
21,2014,0.0,BYD,Tang,400,0.0,509,45,SUV,E,CH,0
21,2015,0.0,BYD,Tang,400,0.0,509,45,SUV,E,CH,0
21,2016,0.0,BYD,Tang,400,0.0,509,45,SUV,E,CH,0
21,2017,0.0,BYD,Tang,400,0.0,509,45,SUV,E,CH,0
21,2018,0.0,BYD,Tang,400,0.0,509,45,SUV,E,CH,0
21,2019,0.0,BYD,Tang,400,0.0,509,45,SUV,E,CH,0
21,2020,0.0,BYD,Tang,400,0.0,509,45,SUV,E,CH,0
21,2021,0.0,BYD,Tang,400,0.0,509,45,SUV,E,CH,0
21,2022,0.00016328663335619345,BYD,Tang,400,560154.5,509,45,SUV,E,CH,5
21,2023,8.079502302658157e-05,BYD,Tang,400,560154.5,509,45,SUV,E,CH,5
23,2013,0.0,Citroen,Berlingo,273,0.0,134,26,MPV,M,FR,0
23,2014,0.0,Citroen,Berlingo,273,0.0,134,26,MPV,M,FR,0
23,2015,0.0,Citroen,Berlingo,273,0.0,134,26,MPV,M,FR,0
23,2016,0.0,Citroen,Berlingo,273,0.0,134,26,MPV,M,FR,0
23,2017,0.0,Citroen,Berlingo,273,0.0,134,26,MPV,M,FR,0
23,2018,0.0,Citroen,Berlingo,273,0.0,134,26,MPV,M,FR,0
23,2019,0.0,Citroen,Berlingo,273,0.0,134,26,MPV,M,FR,0
23,2020,0.0,Citroen,Berlingo,273,0.0,134,26,MPV,M,FR,0
23,2021,0.0,Citroen,Berlingo,273,0.0,134,26,MPV,M,FR,0
23,2022,0.0030044740537539597,Citroen,Berlingo,273,304631.571,134,26,MPV,M,FR,92
23,2023,0.00048477013815948936,Citroen,Berlingo,273,283284.167,134,26,MPV,M,FR,30
24,2013,0.0,Citroen,C4,350,0.0,134,26,Hatchback,C,FR,0
24,2014,0.0,Citroen,C4,350,0.0,134,26,Hatchback,C,FR,0
24,2015,0.0,Citroen,C4,350,0.0,134,26,Hatchback,C,FR,0
24,2016,0.0,Citroen,C4,350,0.0,134,26,Hatchback,C,FR,0
24,2017,0.0,Citroen,C4,350,0.0,134,26,Hatchback,C,FR,0
24,2018,0.0,Citroen,C4,350,0.0,134,26,Hatchback,C,FR,0
24,2019,0.0,Citroen,C4,350,0.0,134,26,Hatchback,C,FR,0
24,2020,0.0,Citroen,C4,350,0.0,134,26,Hatchback,C,FR,0
24,2021,0.00900100908173562,Citroen,C4,350,283858.176,134,26,Hatchback,C,FR,223
24,2022,0.006760066620946409,Citroen,C4,350,313118.693,134,26,Hatchback,C,FR,207
24,2023,0.0030217338611941503,Citroen,C4,350,330760.0,134,26,Hatchback,C,FR,187
26,2013,0.0,Citroen,ë-C4 X,354,0.0,134,26,Sedan,C,FR,0
26,2014,0.0,Citroen,ë-C4 X,354,0.0,134,26,Sedan,C,FR,0
26,2015,0.0,Citroen,ë-C4 X,354,0.0,134,26,Sedan,C,FR,0
26,2016,0.0,Citroen,ë-C4 X,354,0.0,134,26,Sedan,C,FR,0
26,2017,0.0,Citroen,ë-C4 X,354,0.0,134,26,Sedan,C,FR,0
26,2018,0.0,Citroen,ë-C4 X,354,0.0,134,26,Sedan,C,FR,0
26,2019,0.0,Citroen,ë-C4 X,354,0.0,134,26,Sedan,C,FR,0
26,2020,0.0,Citroen,ë-C4 X,354,0.0,134,26,Sedan,C,FR,0
26,2021,0.0,Citroen,ë-C4 X,354,0.0,134,26,Sedan,C,FR,0
26,2022,0.0,Citroen,ë-C4 X,354,0.0,134,26,Sedan,C,FR,0
26,2023,0.00319948291185263,Citroen,ë-C4 X,354,272407.938,134,26,Sedan,C,FR,198
27,2013,0.0,Citroen,e-SpaceTourer,312,0.0,134,26,MPV,M,FR,0
27,2014,0.0,Citroen,e-SpaceTourer,312,0.0,134,26,MPV,M,FR,0
27,2015,0.0,Citroen,e-SpaceTourer,312,0.0,134,26,MPV,M,FR,0
27,2016,0.0,Citroen,e-SpaceTourer,312,0.0,134,26,MPV,M,FR,0
27,2017,0.0,Citroen,e-SpaceTourer,312,0.0,134,26,MPV,M,FR,0
27,2018,0.0,Citroen,e-SpaceTourer,312,0.0,134,26,MPV,M,FR,0
27,2019,0.0,Citroen,e-SpaceTourer,312,0.0,134,26,MPV,M,FR,0
27,2020,0.0,Citroen,e-SpaceTourer,312,0.0,134,26,MPV,M,FR,0
27,2021,0.0,Citroen,e-SpaceTourer,312,0.0,134,26,MPV,M,FR,0
27,2022,0.00016328663335619345,Citroen,e-SpaceTourer,312,430449.0,134,26,MPV,M,FR,5
27,2023,0.0006948371980286015,Citroen,e-SpaceTourer,312,430449.0,134,26,MPV,M,FR,43
28,2013,0.0,Citroen,Jumpy,291,0.0,134,26,MPV,M,FR,0
28,2014,0.0,Citroen,Jumpy,291,0.0,134,26,MPV,M,FR,0
28,2015,0.0,Citroen,Jumpy,291,0.0,134,26,MPV,M,FR,0
28,2016,0.0,Citroen,Jumpy,291,0.0,134,26,MPV,M,FR,0
28,2017,0.0,Citroen,Jumpy,291,0.0,134,26,MPV,M,FR,0
28,2018,0.0,Citroen,Jumpy,291,0.0,134,26,MPV,M,FR,0
28,2019,0.0,Citroen,Jumpy,291,0.0,134,26,MPV,M,FR,0
28,2020,0.0,Citroen,Jumpy,291,0.0,134,26,MPV,M,FR,0
28,2021,0.00012108980827447023,Citroen,Jumpy,291,408912.333,134,26,MPV,M,FR,3
28,2022,0.00013062930668495477,Citroen,Jumpy,291,408912.333,134,26,MPV,M,FR,4
28,2023,0.00011311303223721419,Citroen,Jumpy,291,408912.333,134,26,MPV,M,FR,7
31,2013,0.0,Cupra,Born,460,0.0,201,31,Hatchback,C,SP,0
31,2014,0.0,Cupra,Born,460,0.0,201,31,Hatchback,C,SP,0
31,2015,0.0,Cupra,Born,460,0.0,201,31,Hatchback,C,SP,0
31,2016,0.0,Cupra,Born,460,0.0,201,31,Hatchback,C,SP,0
31,2017,0.0,Cupra,Born,460,0.0,201,31,Hatchback,C,SP,0
31,2018,0.0,Cupra,Born,460,0.0,201,31,Hatchback,C,SP,0
31,2019,0.0,Cupra,Born,460,0.0,201,31,Hatchback,C,SP,0
31,2020,0.0,Cupra,Born,460,0.0,201,31,Hatchback,C,SP,0
31,2021,0.011503531786074672,Cupra,Born,460,312931.2,201,31,Hatchback,C,SP,285
31,2022,0.04108291695241827,Cupra,Born,460,302304.1,201,31,Hatchback,C,SP,1258
31,2023,0.020473458834935766,Cupra,Born,460,342666.477,201,31,Hatchback,C,SP,1267
32,2013,0.0,Dacia,Spring,229,0.0,44,38,Hatchback,A,RO,0
32,2014,0.0,Dacia,Spring,229,0.0,44,38,Hatchback,A,RO,0
32,2015,0.0,Dacia,Spring,229,0.0,44,38,Hatchback,A,RO,0
32,2016,0.0,Dacia,Spring,229,0.0,44,38,Hatchback,A,RO,0
32,2017,0.0,Dacia,Spring,229,0.0,44,38,Hatchback,A,RO,0
32,2018,0.0,Dacia,Spring,229,0.0,44,38,Hatchback,A,RO,0
32,2019,0.0,Dacia,Spring,229,0.0,44,38,Hatchback,A,RO,0
32,2020,0.0,Dacia,Spring,229,0.0,44,38,Hatchback,A,RO,0
32,2021,0.0068617558022199794,Dacia,Spring,229,131995.22,44,38,Hatchback,A,RO,170
32,2022,0.007380555827699945,Dacia,Spring,229,124864.0,44,38,Hatchback,A,RO,226
32,2023,0.0016159004605316313,Dacia,Spring,229,143123.0,44,38,Hatchback,A,RO,100
35,2013,0.0,DS,3 Crossback,318,0.0,154,26,SUV,B,FR,0
35,2014,0.0,DS,3 Crossback,318,0.0,154,26,SUV,B,FR,0
35,2015,0.0,DS,3 Crossback,318,0.0,154,26,SUV,B,FR,0
35,2016,0.0,DS,3 Crossback,318,0.0,154,26,SUV,B,FR,0
35,2017,0.0,DS,3 Crossback,318,0.0,154,26,SUV,B,FR,0
35,2018,0.0,DS,3 Crossback,318,0.0,154,26,SUV,B,FR,0
35,2019,0.0,DS,3 Crossback,318,0.0,154,26,SUV,B,FR,0
35,2020,0.0013419974572679758,DS,3 Crossback,318,325921.0,154,26,SUV,B,FR,19
35,2021,0.0019374369323915236,DS,3 Crossback,318,317926.8,154,26,SUV,B,FR,48
35,2022,0.0005878318800822965,DS,3 Crossback,318,289972.706,154,26,SUV,B,FR,18
35,2023,0.0,DS,3 Crossback,318,0.0,154,26,SUV,B,FR,0
47,2013,0.0,Fiat,500,312,0.0,93,24,Hatchback,B,IT,0
47,2014,0.0,Fiat,500,312,0.0,93,24,Hatchback,B,IT,0
47,2015,0.0,Fiat,500,312,0.0,93,24,Hatchback,B,IT,0
47,2016,0.0,Fiat,500,312,0.0,93,24,Hatchback,B,IT,0
47,2017,0.0,Fiat,500,312,0.0,93,24,Hatchback,B,IT,0
47,2018,0.0,Fiat,500,312,0.0,93,24,Hatchback,B,IT,0
47,2019,0.0,Fiat,500,312,0.0,93,24,Hatchback,B,IT,0
47,2020,0.00593304139002684,Fiat,500,312,235172.59,93,24,Hatchback,B,IT,84
47,2021,0.02732593340060545,Fiat,500,312,259132.286,93,24,Hatchback,B,IT,677
47,2022,0.009764540674700369,Fiat,500,312,272887.831,93,24,Hatchback,B,IT,299
47,2023,0.0034903449947483235,Fiat,500,312,238351.0,93,24,Hatchback,B,IT,216
49,2013,0.0,Fisker,Ocean,700,0.0,563,35,SUV,D,DK,0
49,2014,0.0,Fisker,Ocean,700,0.0,563,35,SUV,D,DK,0
49,2015,0.0,Fisker,Ocean,700,0.0,563,35,SUV,D,DK,0
49,2016,0.0,Fisker,Ocean,700,0.0,563,35,SUV,D,DK,0
49,2017,0.0,Fisker,Ocean,700,0.0,563,35,SUV,D,DK,0
49,2018,0.0,Fisker,Ocean,700,0.0,563,35,SUV,D,DK,0
49,2019,0.0,Fisker,Ocean,700,0.0,563,35,SUV,D,DK,0
49,2020,0.0,Fisker,Ocean,700,0.0,563,35,SUV,D,DK,0
49,2021,0.0,Fisker,Ocean,700,0.0,563,35,SUV,D,DK,0
49,2022,0.0,Fisker,Ocean,700,0.0,563,35,SUV,D,DK,0
49,2023,0.0046861113355417304,Fisker,Ocean,700,602379.198,563,35,SUV,D,DK,290
50,2013,0.0,Ford,Mustang Mach-E,539,0.0,345,47,SUV,D,US,0
50,2014,0.0,Ford,Mustang Mach-E,539,0.0,345,47,SUV,D,US,0
50,2015,0.0,Ford,Mustang Mach-E,539,0.0,345,47,SUV,D,US,0
50,2016,0.0,Ford,Mustang Mach-E,539,0.0,345,47,SUV,D,US,0
50,2017,0.0,Ford,Mustang Mach-E,539,0.0,345,47,SUV,D,US,0
50,2018,0.0,Ford,Mustang Mach-E,539,0.0,345,47,SUV,D,US,0
50,2019,0.0,Ford,Mustang Mach-E,539,0.0,345,47,SUV,D,US,0
50,2020,7.063144511936714e-05,Ford,Mustang Mach-E,539,502000.0,345,47,SUV,D,US,1
50,2021,0.043027245206861756,Ford,Mustang Mach-E,539,521129.286,345,47,SUV,D,US,1066
50,2022,0.04072368635903465,Ford,Mustang Mach-E,539,532529.615,345,47,SUV,D,US,1247
50,2023,0.021620748161913225,Ford,Mustang Mach-E,539,425469.712,345,47,SUV,D,US,1338
64,2013,0.0,Honda,E,211,0.0,151,36,Hatchback,B,JP,0
64,2014,0.0,Honda,E,211,0.0,151,36,Hatchback,B,JP,0
64,2015,0.0,Honda,E,211,0.0,151,36,Hatchback,B,JP,0
64,2016,0.0,Honda,E,211,0.0,151,36,Hatchback,B,JP,0
64,2017,0.0,Honda,E,211,0.0,151,36,Hatchback,B,JP,0
64,2018,0.0,Honda,E,211,0.0,151,36,Hatchback,B,JP,0
64,2019,0.0,Honda,E,211,0.0,151,36,Hatchback,B,JP,0
64,2020,0.005650515609549371,Honda,E,211,277838.333,151,36,Hatchback,B,JP,80
64,2021,0.000887991927346115,Honda,E,211,262845.667,151,36,Hatchback,B,JP,22
64,2022,6.531465334247739e-05,Honda,E,211,303820.0,151,36,Hatchback,B,JP,2
64,2023,0.00014543104144784682,Honda,E,211,253291.0,151,36,Hatchback,B,JP,9
65,2013,0.0,Honda,e:Ny1,412,0.0,201,46,SUV,B,JP,0
65,2014,0.0,Honda,e:Ny1,412,0.0,201,46,SUV,B,JP,0
65,2015,0.0,Honda,e:Ny1,412,0.0,201,46,SUV,B,JP,0
65,2016,0.0,Honda,e:Ny1,412,0.0,201,46,SUV,B,JP,0
65,2017,0.0,Honda,e:Ny1,412,0.0,201,46,SUV,B,JP,0
65,2018,0.0,Honda,e:Ny1,412,0.0,201,46,SUV,B,JP,0
65,2019,0.0,Honda,e:Ny1,412,0.0,201,46,SUV,B,JP,0
65,2020,0.0,Honda,e:Ny1,412,0.0,201,46,SUV,B,JP,0
65,2021,0.0,Honda,e:Ny1,412,0.0,201,46,SUV,B,JP,0
65,2022,0.0,Honda,e:Ny1,412,0.0,201,46,SUV,B,JP,0
65,2023,0.0007433142118445504,Honda,e:Ny1,412,356197.909,201,46,SUV,B,JP,46
66,2013,0.0,Hongqi,E-HS9,460,0.0,543,45,SUV,F,CH,0
66,2014,0.0,Hongqi,E-HS9,460,0.0,543,45,SUV,F,CH,0
66,2015,0.0,Hongqi,E-HS9,460,0.0,543,45,SUV,F,CH,0
66,2016,0.0,Hongqi,E-HS9,460,0.0,543,45,SUV,F,CH,0
66,2017,0.0,Hongqi,E-HS9,460,0.0,543,45,SUV,F,CH,0
66,2018,0.0,Hongqi,E-HS9,460,0.0,543,45,SUV,F,CH,0
66,2019,0.0,Hongqi,E-HS9,460,0.0,543,45,SUV,F,CH,0
66,2020,0.0,Hongqi,E-HS9,460,0.0,543,45,SUV,F,CH,0
66,2021,0.0,Hongqi,E-HS9,460,0.0,543,45,SUV,F,CH,0
66,2022,0.0,Hongqi,E-HS9,460,0.0,543,45,SUV,F,CH,0
66,2023,0.0009049042578977135,Hongqi,E-HS9,460,723688.3214285715,543,45,SUV,F,CH,56
67,2013,0.0,Hyundai,Ioniq,310,0.0,118,19,Sedan,C,KR,0
67,2014,0.0,Hyundai,Ioniq,310,0.0,118,19,Sedan,C,KR,0
67,2015,0.0,Hyundai,Ioniq,310,0.0,118,19,Sedan,C,KR,0
67,2016,0.0,Hyundai,Ioniq,310,0.0,118,19,Sedan,C,KR,0
67,2017,0.043076923076923075,Hyundai,Ioniq,310,296990.0,118,19,Sedan,C,KR,28
67,2018,0.1029311520109066,Hyundai,Ioniq,310,256606.6,118,19,Sedan,C,KR,151
67,2019,0.03495607613469985,Hyundai,Ioniq,310,270095.182,118,19,Sedan,C,KR,191
67,2020,0.014408814804350897,Hyundai,Ioniq,310,272973.333,118,19,Sedan,C,KR,204
67,2021,0.010373360242179617,Hyundai,Ioniq,310,304271.212,118,19,Sedan,C,KR,257
67,2022,0.0,Hyundai,Ioniq,310,0.0,118,19,Sedan,C,KR,0
67,2023,0.0,Hyundai,Ioniq,310,0.0,118,19,Sedan,C,KR,0
68,2013,0.0,Hyundai,Ioniq 5,474,0.0,167,17,SUV,C,KR,0
68,2014,0.0,Hyundai,Ioniq 5,474,0.0,167,17,SUV,C,KR,0
68,2015,0.0,Hyundai,Ioniq 5,474,0.0,167,17,SUV,C,KR,0
68,2016,0.0,Hyundai,Ioniq 5,474,0.0,167,17,SUV,C,KR,0
68,2017,0.0,Hyundai,Ioniq 5,474,0.0,167,17,SUV,C,KR,0
68,2018,0.0,Hyundai,Ioniq 5,474,0.0,167,17,SUV,C,KR,0
68,2019,0.0,Hyundai,Ioniq 5,474,0.0,167,17,SUV,C,KR,0
68,2020,0.0,Hyundai,Ioniq 5,474,0.0,167,17,SUV,C,KR,0
68,2021,0.040968718466195764,Hyundai,Ioniq 5,474,398183.182,167,17,SUV,C,KR,1015
68,2022,0.019986283922798078,Hyundai,Ioniq 5,474,397214.686,167,17,SUV,C,KR,612
68,2023,0.01507635129676012,Hyundai,Ioniq 5,474,428718.832,167,17,SUV,C,KR,933
69,2013,0.0,Hyundai,Ioniq 6,567,0.0,320,16,Sedan,D,KR,0
69,2014,0.0,Hyundai,Ioniq 6,567,0.0,320,16,Sedan,D,KR,0
69,2015,0.0,Hyundai,Ioniq 6,567,0.0,320,16,Sedan,D,KR,0
69,2016,0.0,Hyundai,Ioniq 6,567,0.0,320,16,Sedan,D,KR,0
69,2017,0.0,Hyundai,Ioniq 6,567,0.0,320,16,Sedan,D,KR,0
69,2018,0.0,Hyundai,Ioniq 6,567,0.0,320,16,Sedan,D,KR,0
69,2019,0.0,Hyundai,Ioniq 6,567,0.0,320,16,Sedan,D,KR,0
69,2020,0.0,Hyundai,Ioniq 6,567,0.0,320,16,Sedan,D,KR,0
69,2021,0.0,Hyundai,Ioniq 6,567,0.0,320,16,Sedan,D,KR,0
69,2022,0.0,Hyundai,Ioniq 6,567,0.0,320,16,Sedan,D,KR,0
69,2023,0.00319948291185263,Hyundai,Ioniq 6,567,436291.663,320,16,Sedan,D,KR,198
70,2013,0.0,Hyundai,Kona,460,0.0,214,41,SUV,B,KR,0
70,2014,0.0,Hyundai,Kona,460,0.0,214,41,SUV,B,KR,0
70,2015,0.0,Hyundai,Kona,460,0.0,214,41,SUV,B,KR,0
70,2016,0.0,Hyundai,Kona,460,0.0,214,41,SUV,B,KR,0
70,2017,0.0,Hyundai,Kona,460,0.0,214,41,SUV,B,KR,0
70,2018,0.004771642808452625,Hyundai,Kona,460,355504.5,214,41,SUV,B,KR,7
70,2019,0.12133967789165447,Hyundai,Kona,460,341983.348,214,41,SUV,B,KR,663
70,2020,0.08193247633846588,Hyundai,Kona,460,325623.549,214,41,SUV,B,KR,1160
70,2021,0.0470635721493441,Hyundai,Kona,460,291297.028,214,41,SUV,B,KR,1166
70,2022,0.024884882923483884,Hyundai,Kona,460,300720.188,214,41,SUV,B,KR,762
70,2023,0.012507069564514826,Hyundai,Kona,460,268080.321,214,41,SUV,B,KR,774
73,2013,0.0,JAC,e-JS4,443,0.0,190,35,SUV,J,CH,0
73,2014,0.0,JAC,e-JS4,443,0.0,190,35,SUV,J,CH,0
73,2015,0.0,JAC,e-JS4,443,0.0,190,35,SUV,J,CH,0
73,2016,0.0,JAC,e-JS4,443,0.0,190,35,SUV,J,CH,0
73,2017,0.0,JAC,e-JS4,443,0.0,190,35,SUV,J,CH,0
73,2018,0.0,JAC,e-JS4,443,0.0,190,35,SUV,J,CH,0
73,2019,0.0,JAC,e-JS4,443,0.0,190,35,SUV,J,CH,0
73,2020,0.0,JAC,e-JS4,443,0.0,190,35,SUV,J,CH,0
73,2021,0.0,JAC,e-JS4,443,0.0,190,35,SUV,J,CH,0
73,2022,0.0,JAC,e-JS4,443,0.0,190,35,SUV,J,CH,0
73,2023,0.0013735153914518866,JAC,e-JS4,443,290108.167,190,35,SUV,J,CH,85
74,2013,0.0,Jaguar,I-Pace,448,0.0,394,44,SUV,E,GB,0
74,2014,0.0,Jaguar,I-Pace,448,0.0,394,44,SUV,E,GB,0
74,2015,0.0,Jaguar,I-Pace,448,0.0,394,44,SUV,E,GB,0
74,2016,0.0,Jaguar,I-Pace,448,0.0,394,44,SUV,E,GB,0
74,2017,0.0,Jaguar,I-Pace,448,0.0,394,44,SUV,E,GB,0
74,2018,0.0081799591002045,Jaguar,I-Pace,448,802062.0,394,44,SUV,E,GB,12
74,2019,0.017569546120058566,Jaguar,I-Pace,448,770280.75,394,44,SUV,E,GB,96
74,2020,0.008687667749682158,Jaguar,I-Pace,448,687047.438,394,44,SUV,E,GB,123
74,2021,0.0017356205852674066,Jaguar,I-Pace,448,730831.0,394,44,SUV,E,GB,43
74,2022,0.0004572025733973417,Jaguar,I-Pace,448,745838.5,394,44,SUV,E,GB,14
74,2023,6.463601842126525e-05,Jaguar,I-Pace,448,745838.5,394,44,SUV,E,GB,4
75,2013,0.0,Jeep,Avenger,395,0.0,154,26,SUV,B,US,0
75,2014,0.0,Jeep,Avenger,395,0.0,154,26,SUV,B,US,0
75,2015,0.0,Jeep,Avenger,395,0.0,154,26,SUV,B,US,0
75,2016,0.0,Jeep,Avenger,395,0.0,154,26,SUV,B,US,0
75,2017,0.0,Jeep,Avenger,395,0.0,154,26,SUV,B,US,0
75,2018,0.0,Jeep,Avenger,395,0.0,154,26,SUV,B,US,0
75,2019,0.0,Jeep,Avenger,395,0.0,154,26,SUV,B,US,0
75,2020,0.0,Jeep,Avenger,395,0.0,154,26,SUV,B,US,0
75,2021,0.0,Jeep,Avenger,395,0.0,154,26,SUV,B,US,0
75,2022,0.0,Jeep,Avenger,395,0.0,154,26,SUV,B,US,0
75,2023,0.0013088793730306214,Jeep,Avenger,395,343580.406,154,26,SUV,B,US,81
82,2013,0.0,Kia,EV6,512,0.0,320,16,SUV,C,KR,0
82,2014,0.0,Kia,EV6,512,0.0,320,16,SUV,C,KR,0
82,2015,0.0,Kia,EV6,512,0.0,320,16,SUV,C,KR,0
82,2016,0.0,Kia,EV6,512,0.0,320,16,SUV,C,KR,0
82,2017,0.0,Kia,EV6,512,0.0,320,16,SUV,C,KR,0
82,2018,0.0,Kia,EV6,512,0.0,320,16,SUV,C,KR,0
82,2019,0.0,Kia,EV6,512,0.0,320,16,SUV,C,KR,0
82,2020,0.0,Kia,EV6,512,0.0,320,16,SUV,C,KR,0
82,2021,0.025146316851664983,Kia,EV6,512,423896.208,320,16,SUV,C,KR,623
82,2022,0.026125861336990953,Kia,EV6,512,413389.278,320,16,SUV,C,KR,800
82,2023,0.013201906762543427,Kia,EV6,512,436128.876,320,16,SUV,C,KR,817
83,2013,0.0,Kia,EV9,514,0.0,379,24,SUV,F,KR,0
83,2014,0.0,Kia,EV9,514,0.0,379,24,SUV,F,KR,0
83,2015,0.0,Kia,EV9,514,0.0,379,24,SUV,F,KR,0
83,2016,0.0,Kia,EV9,514,0.0,379,24,SUV,F,KR,0
83,2017,0.0,Kia,EV9,514,0.0,379,24,SUV,F,KR,0
83,2018,0.0,Kia,EV9,514,0.0,379,24,SUV,F,KR,0
83,2019,0.0,Kia,EV9,514,0.0,379,24,SUV,F,KR,0
83,2020,0.0,Kia,EV9,514,0.0,379,24,SUV,F,KR,0
83,2021,0.0,Kia,EV9,514,0.0,379,24,SUV,F,KR,0
83,2022,0.0,Kia,EV9,514,0.0,379,24,SUV,F,KR,0
83,2023,0.001502787428294417,Kia,EV9,514,685087.35483871,379,24,SUV,F,KR,93
84,2013,0.0,Kia,Niro,453,0.0,201,41,SUV,C,KR,0
84,2014,0.0,Kia,Niro,453,0.0,201,41,SUV,C,KR,0
84,2015,0.0,Kia,Niro,453,0.0,201,41,SUV,C,KR,0
84,2016,0.0,Kia,Niro,453,0.0,201,41,SUV,C,KR,0
84,2017,0.0,Kia,Niro,453,0.0,201,41,SUV,C,KR,0
84,2018,0.0,Kia,Niro,453,0.0,201,41,SUV,C,KR,0
84,2019,0.026720351390922402,Kia,Niro,453,351506.857,201,41,SUV,C,KR,146
84,2020,0.058906625229552194,Kia,Niro,453,365256.273,201,41,SUV,C,KR,834
84,2021,0.039798183652875886,Kia,Niro,453,362300.721,201,41,SUV,C,KR,986
84,2022,0.022533555403154697,Kia,Niro,453,366078.485,201,41,SUV,C,KR,690
84,2023,0.009953946836874849,Kia,Niro,453,355431.923,201,41,SUV,C,KR,616
85,2013,0.0,Kia,Soul,450,0.0,201,44,SUV,B,KR,0
85,2014,0.0,Kia,Soul,450,0.0,201,44,SUV,B,KR,0
85,2015,0.0025367833587011668,Kia,Soul,450,305816.6,201,44,SUV,B,KR,10
85,2016,0.015126050420168067,Kia,Soul,450,305816.6,201,44,SUV,B,KR,18
85,2017,0.013846153846153847,Kia,Soul,450,305816.6,201,44,SUV,B,KR,9
85,2018,0.0027266530334014998,Kia,Soul,450,305816.6,201,44,SUV,B,KR,4
85,2019,0.007503660322108346,Kia,Soul,450,305816.6,201,44,SUV,B,KR,41
85,2020,0.00296652069501342,Kia,Soul,450,318846.0,201,44,SUV,B,KR,42
85,2021,0.0025025227043390516,Kia,Soul,450,327229.75,201,44,SUV,B,KR,62
85,2022,0.001796152966918128,Kia,Soul,450,340928.571,201,44,SUV,B,KR,55
85,2023,4.847701381594894e-05,Kia,Soul,450,361959.0,201,44,SUV,B,KR,3
86,2013,0.0,Lexus,RZ,424,0.0,308,28,SUV,D,JP,0
86,2014,0.0,Lexus,RZ,424,0.0,308,28,SUV,D,JP,0
86,2015,0.0,Lexus,RZ,424,0.0,308,28,SUV,D,JP,0
86,2016,0.0,Lexus,RZ,424,0.0,308,28,SUV,D,JP,0
86,2017,0.0,Lexus,RZ,424,0.0,308,28,SUV,D,JP,0
86,2018,0.0,Lexus,RZ,424,0.0,308,28,SUV,D,JP,0
86,2019,0.0,Lexus,RZ,424,0.0,308,28,SUV,D,JP,0
86,2020,0.0,Lexus,RZ,424,0.0,308,28,SUV,D,JP,0
86,2021,0.0,Lexus,RZ,424,0.0,308,28,SUV,D,JP,0
86,2022,0.0,Lexus,RZ,424,0.0,308,28,SUV,D,JP,0
86,2023,0.00022622606447442837,Lexus,RZ,424,584600.0,308,28,SUV,D,JP,14
87,2013,0.0,Lexus,UX,310,0.0,201,81,SUV,C,JP,0
87,2014,0.0,Lexus,UX,310,0.0,201,81,SUV,C,JP,0
87,2015,0.0,Lexus,UX,310,0.0,201,81,SUV,C,JP,0
87,2016,0.0,Lexus,UX,310,0.0,201,81,SUV,C,JP,0
87,2017,0.0,Lexus,UX,310,0.0,201,81,SUV,C,JP,0
87,2018,0.0,Lexus,UX,310,0.0,201,81,SUV,C,JP,0
87,2019,0.0,Lexus,UX,310,0.0,201,81,SUV,C,JP,0
87,2020,0.0,Lexus,UX,310,0.0,201,81,SUV,C,JP,0
87,2021,0.00020181634712411706,Lexus,UX,310,385073.1,201,81,SUV,C,JP,5
87,2022,0.0005225172267398191,Lexus,UX,310,385073.1,201,81,SUV,C,JP,16
87,2023,0.0,Lexus,UX,310,0.0,201,81,SUV,C,JP,0
98,2013,0.0,Maxus,Euniq,260,0.0,174,45,MPV,M,CH,0
98,2014,0.0,Maxus,Euniq,260,0.0,174,45,MPV,M,CH,0
98,2015,0.0,Maxus,Euniq,260,0.0,174,45,MPV,M,CH,0
98,2016,0.0,Maxus,Euniq,260,0.0,174,45,MPV,M,CH,0
98,2017,0.0,Maxus,Euniq,260,0.0,174,45,MPV,M,CH,0
98,2018,0.0,Maxus,Euniq,260,0.0,174,45,MPV,M,CH,0
98,2019,0.0,Maxus,Euniq,260,0.0,174,45,MPV,M,CH,0
98,2020,0.0027546263596553186,Maxus,Euniq,260,351153.286,174,45,MPV,M,CH,39
98,2021,0.002946518668012109,Maxus,Euniq,260,356665.3333333333,174,45,MPV,M,CH,73
98,2022,0.00029391594004114823,Maxus,Euniq,260,356665.3333333333,174,45,MPV,M,CH,9
98,2023,0.0,Maxus,Euniq,260,0.0,174,45,MPV,M,CH,0
99,2013,0.0,Maxus,Euniq5,289,0.0,174,45,MPV,M,CH,0
99,2014,0.0,Maxus,Euniq5,289,0.0,174,45,MPV,M,CH,0
99,2015,0.0,Maxus,Euniq5,289,0.0,174,45,MPV,M,CH,0
99,2016,0.0,Maxus,Euniq5,289,0.0,174,45,MPV,M,CH,0
99,2017,0.0,Maxus,Euniq5,289,0.0,174,45,MPV,M,CH,0
99,2018,0.0,Maxus,Euniq5,289,0.0,174,45,MPV,M,CH,0
99,2019,0.0,Maxus,Euniq5,289,0.0,174,45,MPV,M,CH,0
99,2020,0.0,Maxus,Euniq5,289,0.0,174,45,MPV,M,CH,0
99,2021,0.0,Maxus,Euniq5,289,0.0,174,45,MPV,M,CH,0
99,2022,0.001273635740178309,Maxus,Euniq5,289,372098.7916666667,174,45,MPV,M,CH,39
99,2023,0.00014543104144784682,Maxus,Euniq5,289,372098.7916666667,174,45,MPV,M,CH,9
100,2013,0.0,Maxus,Euniq6,354,0.0,174,45,MPV,M,CH,0
100,2014,0.0,Maxus,Euniq6,354,0.0,174,45,MPV,M,CH,0
100,2015,0.0,Maxus,Euniq6,354,0.0,174,45,MPV,M,CH,0
100,2016,0.0,Maxus,Euniq6,354,0.0,174,45,MPV,M,CH,0
100,2017,0.0,Maxus,Euniq6,354,0.0,174,45,MPV,M,CH,0
100,2018,0.0,Maxus,Euniq6,354,0.0,174,45,MPV,M,CH,0
100,2019,0.0,Maxus,Euniq6,354,0.0,174,45,MPV,M,CH,0
100,2020,0.0,Maxus,Euniq6,354,0.0,174,45,MPV,M,CH,0
100,2021,0.0,Maxus,Euniq6,354,0.0,174,45,MPV,M,CH,0
100,2022,0.0026125861336990953,Maxus,Euniq6,354,375549.01,174,45,MPV,M,CH,80
100,2023,0.003991274137513129,Maxus,Euniq6,354,379506.7592592593,174,45,MPV,M,CH,247
101,2013,0.0,Maxus,MIFA 9,565,0.0,241,46,MPV,M,CH,0
101,2014,0.0,Maxus,MIFA 9,565,0.0,241,46,MPV,M,CH,0
101,2015,0.0,Maxus,MIFA 9,565,0.0,241,46,MPV,M,CH,0
101,2016,0.0,Maxus,MIFA 9,565,0.0,241,46,MPV,M,CH,0
101,2017,0.0,Maxus,MIFA 9,565,0.0,241,46,MPV,M,CH,0
101,2018,0.0,Maxus,MIFA 9,565,0.0,241,46,MPV,M,CH,0
101,2019,0.0,Maxus,MIFA 9,565,0.0,241,46,MPV,M,CH,0
101,2020,0.0,Maxus,MIFA 9,565,0.0,241,46,MPV,M,CH,0
101,2021,0.0,Maxus,MIFA 9,565,0.0,241,46,MPV,M,CH,0
101,2022,0.0,Maxus,MIFA 9,565,0.0,241,46,MPV,M,CH,0
101,2023,3.231800921063263e-05,Maxus,MIFA 9,565,518176.0,241,46,MPV,M,CH,2
103,2013,0.0,Mazda,MX-30,200,0.0,143,33,SUV,C,JP,0
103,2014,0.0,Mazda,MX-30,200,0.0,143,33,SUV,C,JP,0
103,2015,0.0,Mazda,MX-30,200,0.0,143,33,SUV,C,JP,0
103,2016,0.0,Mazda,MX-30,200,0.0,143,33,SUV,C,JP,0
103,2017,0.0,Mazda,MX-30,200,0.0,143,33,SUV,C,JP,0
103,2018,0.0,Mazda,MX-30,200,0.0,143,33,SUV,C,JP,0
103,2019,0.0,Mazda,MX-30,200,0.0,143,33,SUV,C,JP,0
103,2020,0.01786975561519989,Mazda,MX-30,200,245235.238,143,33,SUV,C,JP,253
103,2021,0.005610494450050454,Mazda,MX-30,200,256523.529,143,33,SUV,C,JP,139
103,2022,0.002449299500342902,Mazda,MX-30,200,230004.936,143,33,SUV,C,JP,75
103,2023,0.006124262745414883,Mazda,MX-30,200,224150.0,143,33,SUV,C,JP,379
107,2013,0.0,Mercedes-Benz,EQA,459,0.0,187,30,SUV,C,DE,0
107,2014,0.0,Mercedes-Benz,EQA,459,0.0,187,30,SUV,C,DE,0
107,2015,0.0,Mercedes-Benz,EQA,459,0.0,187,30,SUV,C,DE,0
107,2016,0.0,Mercedes-Benz,EQA,459,0.0,187,30,SUV,C,DE,0
107,2017,0.0,Mercedes-Benz,EQA,459,0.0,187,30,SUV,C,DE,0
107,2018,0.0,Mercedes-Benz,EQA,459,0.0,187,30,SUV,C,DE,0
107,2019,0.0,Mercedes-Benz,EQA,459,0.0,187,30,SUV,C,DE,0
107,2020,0.0,Mercedes-Benz,EQA,459,0.0,187,30,SUV,C,DE,0
107,2021,0.02853683148335015,Mercedes-Benz,EQA,459,437961.754,187,30,SUV,C,DE,707
107,2022,0.024101107083374155,Mercedes-Benz,EQA,459,465337.55,187,30,SUV,C,DE,738
107,2023,0.0190191484204573,Mercedes-Benz,EQA,459,442830.165,187,30,SUV,C,DE,1177
108,2013,0.0,Mercedes-Benz,EQB,446,0.0,187,31,SUV,C,DE,0
108,2014,0.0,Mercedes-Benz,EQB,446,0.0,187,31,SUV,C,DE,0
108,2015,0.0,Mercedes-Benz,EQB,446,0.0,187,31,SUV,C,DE,0
108,2016,0.0,Mercedes-Benz,EQB,446,0.0,187,31,SUV,C,DE,0
108,2017,0.0,Mercedes-Benz,EQB,446,0.0,187,31,SUV,C,DE,0
108,2018,0.0,Mercedes-Benz,EQB,446,0.0,187,31,SUV,C,DE,0
108,2019,0.0,Mercedes-Benz,EQB,446,0.0,187,31,SUV,C,DE,0
108,2020,0.0,Mercedes-Benz,EQB,446,0.0,187,31,SUV,C,DE,0
108,2021,0.0,Mercedes-Benz,EQB,446,0.0,187,31,SUV,C,DE,0
108,2022,0.01979033996277065,Mercedes-Benz,EQB,446,518036.975,187,31,SUV,C,DE,606
108,2023,0.013832107942150763,Mercedes-Benz,EQB,446,461324.96,187,31,SUV,C,DE,856
109,2013,0.0,Mercedes-Benz,EQC,407,0.0,402,35,SUV,D,DE,0
109,2014,0.0,Mercedes-Benz,EQC,407,0.0,402,35,SUV,D,DE,0
109,2015,0.0,Mercedes-Benz,EQC,407,0.0,402,35,SUV,D,DE,0
109,2016,0.0,Mercedes-Benz,EQC,407,0.0,402,35,SUV,D,DE,0
109,2017,0.0,Mercedes-Benz,EQC,407,0.0,402,35,SUV,D,DE,0
109,2018,0.0,Mercedes-Benz,EQC,407,0.0,402,35,SUV,D,DE,0
109,2019,0.003477306002928258,Mercedes-Benz,EQC,407,838622.667,402,35,SUV,D,DE,19
109,2020,0.01652775815793191,Mercedes-Benz,EQC,407,792927.867,402,35,SUV,D,DE,234
109,2021,0.013884964682139253,Mercedes-Benz,EQC,407,760158.704,402,35,SUV,D,DE,344
109,2022,0.009144051467946834,Mercedes-Benz,EQC,407,752855.476,402,35,SUV,D,DE,280
109,2023,0.002795507796719722,Mercedes-Benz,EQC,407,697707.975,402,35,SUV,D,DE,173
110,2013,0.0,Mercedes-Benz,EQE,615,0.0,288,28,Sedan,E,DE,0
110,2014,0.0,Mercedes-Benz,EQE,615,0.0,288,28,Sedan,E,DE,0
110,2015,0.0,Mercedes-Benz,EQE,615,0.0,288,28,Sedan,E,DE,0
110,2016,0.0,Mercedes-Benz,EQE,615,0.0,288,28,Sedan,E,DE,0
110,2017,0.0,Mercedes-Benz,EQE,615,0.0,288,28,Sedan,E,DE,0
110,2018,0.0,Mercedes-Benz,EQE,615,0.0,288,28,Sedan,E,DE,0
110,2019,0.0,Mercedes-Benz,EQE,615,0.0,288,28,Sedan,E,DE,0
110,2020,0.0,Mercedes-Benz,EQE,615,0.0,288,28,Sedan,E,DE,0
110,2021,0.0,Mercedes-Benz,EQE,615,0.0,288,28,Sedan,E,DE,0
110,2022,0.014826426308742367,Mercedes-Benz,EQE,615,824952.788,288,28,Sedan,E,DE,454
110,2023,0.012167730467803183,Mercedes-Benz,EQE,615,749984.445,288,28,Sedan,E,DE,753
111,2013,0.0,Mercedes-Benz,EQE SUV,525,0.0,288,30,SUV,E,DE,0
111,2014,0.0,Mercedes-Benz,EQE SUV,525,0.0,288,30,SUV,E,DE,0
111,2015,0.0,Mercedes-Benz,EQE SUV,525,0.0,288,30,SUV,E,DE,0
111,2016,0.0,Mercedes-Benz,EQE SUV,525,0.0,288,30,SUV,E,DE,0
111,2017,0.0,Mercedes-Benz,EQE SUV,525,0.0,288,30,SUV,E,DE,0
111,2018,0.0,Mercedes-Benz,EQE SUV,525,0.0,288,30,SUV,E,DE,0
111,2019,0.0,Mercedes-Benz,EQE SUV,525,0.0,288,30,SUV,E,DE,0
111,2020,0.0,Mercedes-Benz,EQE SUV,525,0.0,288,30,SUV,E,DE,0
111,2021,0.0,Mercedes-Benz,EQE SUV,525,0.0,288,30,SUV,E,DE,0
111,2022,0.0,Mercedes-Benz,EQE SUV,525,0.0,288,30,SUV,E,DE,0
111,2023,0.004346772238830088,Mercedes-Benz,EQE SUV,525,895113.6679389313,288,30,SUV,E,DE,269
112,2013,0.0,Mercedes-Benz,EQS,677,0.0,355,28,Sedan,F,DE,0
112,2014,0.0,Mercedes-Benz,EQS,677,0.0,355,28,Sedan,F,DE,0
112,2015,0.0,Mercedes-Benz,EQS,677,0.0,355,28,Sedan,F,DE,0
112,2016,0.0,Mercedes-Benz,EQS,677,0.0,355,28,Sedan,F,DE,0
112,2017,0.0,Mercedes-Benz,EQS,677,0.0,355,28,Sedan,F,DE,0
112,2018,0.0,Mercedes-Benz,EQS,677,0.0,355,28,Sedan,F,DE,0
112,2019,0.0,Mercedes-Benz,EQS,677,0.0,355,28,Sedan,F,DE,0
112,2020,0.0,Mercedes-Benz,EQS,677,0.0,355,28,Sedan,F,DE,0
112,2021,0.000686175580221998,Mercedes-Benz,EQS,677,1359939.0,355,28,Sedan,F,DE,17
112,2022,0.004702655040658372,Mercedes-Benz,EQS,677,1535013.16,355,28,Sedan,F,DE,144
112,2023,0.001131130322372142,Mercedes-Benz,EQS,677,1481869.89,355,28,Sedan,F,DE,70
113,2013,0.0,Mercedes-Benz,EQS SUV,579,0.0,355,33,SUV,F,DE,0
113,2014,0.0,Mercedes-Benz,EQS SUV,579,0.0,355,33,SUV,F,DE,0
113,2015,0.0,Mercedes-Benz,EQS SUV,579,0.0,355,33,SUV,F,DE,0
113,2016,0.0,Mercedes-Benz,EQS SUV,579,0.0,355,33,SUV,F,DE,0
113,2017,0.0,Mercedes-Benz,EQS SUV,579,0.0,355,33,SUV,F,DE,0
113,2018,0.0,Mercedes-Benz,EQS SUV,579,0.0,355,33,SUV,F,DE,0
113,2019,0.0,Mercedes-Benz,EQS SUV,579,0.0,355,33,SUV,F,DE,0
113,2020,0.0,Mercedes-Benz,EQS SUV,579,0.0,355,33,SUV,F,DE,0
113,2021,0.0,Mercedes-Benz,EQS SUV,579,0.0,355,33,SUV,F,DE,0
113,2022,9.797198001371608e-05,Mercedes-Benz,EQS SUV,579,1584651.166666667,355,33,SUV,F,DE,3
113,2023,0.0011634483315827746,Mercedes-Benz,EQS SUV,579,1584651.166666667,355,33,SUV,F,DE,72
114,2013,0.0,Mercedes-Benz,EQV,346,0.0,201,41,MPV,M,DE,0
114,2014,0.0,Mercedes-Benz,EQV,346,0.0,201,41,MPV,M,DE,0
114,2015,0.0,Mercedes-Benz,EQV,346,0.0,201,41,MPV,M,DE,0
114,2016,0.0,Mercedes-Benz,EQV,346,0.0,201,41,MPV,M,DE,0
114,2017,0.0,Mercedes-Benz,EQV,346,0.0,201,41,MPV,M,DE,0
114,2018,0.0,Mercedes-Benz,EQV,346,0.0,201,41,MPV,M,DE,0
114,2019,0.0,Mercedes-Benz,EQV,346,0.0,201,41,MPV,M,DE,0
114,2020,0.00395536092668456,Mercedes-Benz,EQV,346,822592.5,201,41,MPV,M,DE,56
114,2021,0.0027043390514631684,Mercedes-Benz,EQV,346,772506.421,201,41,MPV,M,DE,67
114,2022,0.003429019300480063,Mercedes-Benz,EQV,346,874008.625,201,41,MPV,M,DE,105
114,2023,0.001502787428294417,Mercedes-Benz,EQV,346,764053.0,201,41,MPV,M,DE,93
117,2013,0.0,MG,4,427,0.0,241,41,Hatchback,C,CH,0
117,2014,0.0,MG,4,427,0.0,241,41,Hatchback,C,CH,0
117,2015,0.0,MG,4,427,0.0,241,41,Hatchback,C,CH,0
117,2016,0.0,MG,4,427,0.0,241,41,Hatchback,C,CH,0
117,2017,0.0,MG,4,427,0.0,241,41,Hatchback,C,CH,0
117,2018,0.0,MG,4,427,0.0,241,41,Hatchback,C,CH,0
117,2019,0.0,MG,4,427,0.0,241,41,Hatchback,C,CH,0
117,2020,0.0,MG,4,427,0.0,241,41,Hatchback,C,CH,0
117,2021,0.0,MG,4,427,0.0,241,41,Hatchback,C,CH,0
117,2022,0.0017308383135756506,MG,4,427,239819.4,241,41,Hatchback,C,CH,53
117,2023,0.011989981417144704,MG,4,427,265891.908,241,41,Hatchback,C,CH,742
118,2013,0.0,MG,5,380,0.0,154,42,Stationcar,C,CH,0
118,2014,0.0,MG,5,380,0.0,154,42,Stationcar,C,CH,0
118,2015,0.0,MG,5,380,0.0,154,42,Stationcar,C,CH,0
118,2016,0.0,MG,5,380,0.0,154,42,Stationcar,C,CH,0
118,2017,0.0,MG,5,380,0.0,154,42,Stationcar,C,CH,0
118,2018,0.0,MG,5,380,0.0,154,42,Stationcar,C,CH,0
118,2019,0.0,MG,5,380,0.0,154,42,Stationcar,C,CH,0
118,2020,0.0,MG,5,380,0.0,154,42,Stationcar,C,CH,0
118,2021,0.0,MG,5,380,0.0,154,42,Stationcar,C,CH,0
118,2022,0.002645243460370334,MG,5,380,282525.4,154,42,Stationcar,C,CH,81
118,2023,0.0009856992809242951,MG,5,380,219691.8,154,42,Stationcar,C,CH,61
119,2013,0.0,MG,Marvel R,388,0.0,177,38,SUV,C,CH,0
119,2014,0.0,MG,Marvel R,388,0.0,177,38,SUV,C,CH,0
119,2015,0.0,MG,Marvel R,388,0.0,177,38,SUV,C,CH,0
119,2016,0.0,MG,Marvel R,388,0.0,177,38,SUV,C,CH,0
119,2017,0.0,MG,Marvel R,388,0.0,177,38,SUV,C,CH,0
119,2018,0.0,MG,Marvel R,388,0.0,177,38,SUV,C,CH,0
119,2019,0.0,MG,Marvel R,388,0.0,177,38,SUV,C,CH,0
119,2020,0.0,MG,Marvel R,388,0.0,177,38,SUV,C,CH,0
119,2021,0.0006458123107971746,MG,Marvel R,388,373965.8,177,38,SUV,C,CH,16
119,2022,0.005584402860781816,MG,Marvel R,388,349991.1,177,38,SUV,C,CH,171
119,2023,0.003361072957905793,MG,Marvel R,388,302356.5,177,38,SUV,C,CH,208
120,2013,0.0,MG,ZS,331,0.0,154,37,SUV,B,CH,0
120,2014,0.0,MG,ZS,331,0.0,154,37,SUV,B,CH,0
120,2015,0.0,MG,ZS,331,0.0,154,37,SUV,B,CH,0
120,2016,0.0,MG,ZS,331,0.0,154,37,SUV,B,CH,0
120,2017,0.0,MG,ZS,331,0.0,154,37,SUV,B,CH,0
120,2018,0.0,MG,ZS,331,0.0,154,37,SUV,B,CH,0
120,2019,0.0,MG,ZS,331,0.0,154,37,SUV,B,CH,0
120,2020,0.020412487639497105,MG,ZS,331,249079.0,154,37,SUV,B,CH,289
120,2021,0.007790110998990918,MG,ZS,331,248569.0,154,37,SUV,B,CH,193
120,2022,0.007576499787727377,MG,ZS,331,248569.0,154,37,SUV,B,CH,232
120,2023,0.002326896663165549,MG,ZS,331,278564.8,154,37,SUV,B,CH,144
122,2013,0.0,Mini,3-dørs,227,0.0,181,27,Hatchback,B,GB,0
122,2014,0.0,Mini,3-dørs,227,0.0,181,27,Hatchback,B,GB,0
122,2015,0.0,Mini,3-dørs,227,0.0,181,27,Hatchback,B,GB,0
122,2016,0.0,Mini,3-dørs,227,0.0,181,27,Hatchback,B,GB,0
122,2017,0.0,Mini,3-dørs,227,0.0,181,27,Hatchback,B,GB,0
122,2018,0.0,Mini,3-dørs,227,0.0,181,27,Hatchback,B,GB,0
122,2019,0.0,Mini,3-dørs,227,0.0,181,27,Hatchback,B,GB,0
122,2020,0.018929227291990394,Mini,3-dørs,227,335157.4,181,27,Hatchback,B,GB,268
122,2021,0.009848637739656912,Mini,3-dørs,227,321888.6,181,27,Hatchback,B,GB,244
122,2022,0.006466150680905261,Mini,3-dørs,227,304709.4,181,27,Hatchback,B,GB,198
122,2023,0.002262260644744284,Mini,3-dørs,227,281171.2,181,27,Hatchback,B,GB,140
123,2013,0.0,Mini,Cabriolet,201,0.0,181,29,Cabriolet,B,GB,0
123,2014,0.0,Mini,Cabriolet,201,0.0,181,29,Cabriolet,B,GB,0
123,2015,0.0,Mini,Cabriolet,201,0.0,181,29,Cabriolet,B,GB,0
123,2016,0.0,Mini,Cabriolet,201,0.0,181,29,Cabriolet,B,GB,0
123,2017,0.0,Mini,Cabriolet,201,0.0,181,29,Cabriolet,B,GB,0
123,2018,0.0,Mini,Cabriolet,201,0.0,181,29,Cabriolet,B,GB,0
123,2019,0.0,Mini,Cabriolet,201,0.0,181,29,Cabriolet,B,GB,0
123,2020,0.0,Mini,Cabriolet,201,0.0,181,29,Cabriolet,B,GB,0
123,2021,0.0,Mini,Cabriolet,201,0.0,181,29,Cabriolet,B,GB,0
123,2022,0.0,Mini,Cabriolet,201,0.0,181,29,Cabriolet,B,GB,0
123,2023,0.0001292720368425305,Mini,Cabriolet,201,485719.0,181,29,Cabriolet,B,GB,8
126,2013,0.0,Nio,EL6,477,0.0,482,29,SUV,E,CH,0
126,2014,0.0,Nio,EL6,477,0.0,482,29,SUV,E,CH,0
126,2015,0.0,Nio,EL6,477,0.0,482,29,SUV,E,CH,0
126,2016,0.0,Nio,EL6,477,0.0,482,29,SUV,E,CH,0
126,2017,0.0,Nio,EL6,477,0.0,482,29,SUV,E,CH,0
126,2018,0.0,Nio,EL6,477,0.0,482,29,SUV,E,CH,0
126,2019,0.0,Nio,EL6,477,0.0,482,29,SUV,E,CH,0
126,2020,0.0,Nio,EL6,477,0.0,482,29,SUV,E,CH,0
126,2021,0.0,Nio,EL6,477,0.0,482,29,SUV,E,CH,0
126,2022,0.0,Nio,EL6,477,0.0,482,29,SUV,E,CH,0
126,2023,9.695402763189788e-05,Nio,EL6,477,642945.1666666666,482,29,SUV,E,CH,6
128,2013,0.0,Nio,ES8,470,0.0,643,30,SUV,F,CH,0
128,2014,0.0,Nio,ES8,470,0.0,643,30,SUV,F,CH,0
128,2015,0.0,Nio,ES8,470,0.0,643,30,SUV,F,CH,0
128,2016,0.0,Nio,ES8,470,0.0,643,30,SUV,F,CH,0
128,2017,0.0,Nio,ES8,470,0.0,643,30,SUV,F,CH,0
128,2018,0.0,Nio,ES8,470,0.0,643,30,SUV,F,CH,0
128,2019,0.0,Nio,ES8,470,0.0,643,30,SUV,F,CH,0
128,2020,0.0,Nio,ES8,470,0.0,643,30,SUV,F,CH,0
128,2021,0.0,Nio,ES8,470,0.0,643,30,SUV,F,CH,0
128,2022,9.797198001371608e-05,Nio,ES8,470,627851.0,643,30,SUV,F,CH,3
128,2023,0.0,Nio,ES8,470,0.0,643,30,SUV,F,CH,0
129,2013,0.0,Nio,ET5,488,0.0,482,40,Sedan,E,CH,0
129,2014,0.0,Nio,ET5,488,0.0,482,40,Sedan,E,CH,0
129,2015,0.0,Nio,ET5,488,0.0,482,40,Sedan,E,CH,0
129,2016,0.0,Nio,ET5,488,0.0,482,40,Sedan,E,CH,0
129,2017,0.0,Nio,ET5,488,0.0,482,40,Sedan,E,CH,0
129,2018,0.0,Nio,ET5,488,0.0,482,40,Sedan,E,CH,0
129,2019,0.0,Nio,ET5,488,0.0,482,40,Sedan,E,CH,0
129,2020,0.0,Nio,ET5,488,0.0,482,40,Sedan,E,CH,0
129,2021,0.0,Nio,ET5,488,0.0,482,40,Sedan,E,CH,0
129,2022,0.0,Nio,ET5,488,0.0,482,40,Sedan,E,CH,0
129,2023,0.00033933909671164257,Nio,ET5,488,571022.380952381,482,40,Sedan,E,CH,21
130,2013,0.0,Nio,ET7,543,0.0,643,40,Sedan,F,CH,0
130,2014,0.0,Nio,ET7,543,0.0,643,40,Sedan,F,CH,0
130,2015,0.0,Nio,ET7,543,0.0,643,40,Sedan,F,CH,0
130,2016,0.0,Nio,ET7,543,0.0,643,40,Sedan,F,CH,0
130,2017,0.0,Nio,ET7,543,0.0,643,40,Sedan,F,CH,0
130,2018,0.0,Nio,ET7,543,0.0,643,40,Sedan,F,CH,0
130,2019,0.0,Nio,ET7,543,0.0,643,40,Sedan,F,CH,0
130,2020,0.0,Nio,ET7,543,0.0,643,40,Sedan,F,CH,0
130,2021,0.0,Nio,ET7,543,0.0,643,40,Sedan,F,CH,0
130,2022,0.0003918879200548643,Nio,ET7,543,780381.5,643,40,Sedan,F,CH,12
130,2023,9.695402763189788e-05,Nio,ET7,543,780381.5,643,40,Sedan,F,CH,6
131,2013,0.0,Nissan,Ariya,487,0.0,238,35,SUV,C,JP,0
131,2014,0.0,Nissan,Ariya,487,0.0,238,35,SUV,C,JP,0
131,2015,0.0,Nissan,Ariya,487,0.0,238,35,SUV,C,JP,0
131,2016,0.0,Nissan,Ariya,487,0.0,238,35,SUV,C,JP,0
131,2017,0.0,Nissan,Ariya,487,0.0,238,35,SUV,C,JP,0
131,2018,0.0,Nissan,Ariya,487,0.0,238,35,SUV,C,JP,0
131,2019,0.0,Nissan,Ariya,487,0.0,238,35,SUV,C,JP,0
131,2020,0.0,Nissan,Ariya,487,0.0,238,35,SUV,C,JP,0
131,2021,0.0,Nissan,Ariya,487,0.0,238,35,SUV,C,JP,0
131,2022,0.012801672055125567,Nissan,Ariya,487,432558.9533333333,238,35,SUV,C,JP,392
131,2023,0.015609598448735558,Nissan,Ariya,487,413239.9,238,35,SUV,C,JP,966
132,2013,0.4720357941834452,Nissan,Leaf,328,253690.0,147,43,Hatchback,C,JP,211
132,2014,0.38855218855218854,Nissan,Leaf,328,253690.0,147,43,Hatchback,C,JP,577
132,2015,0.05504819888381532,Nissan,Leaf,328,253690.0,147,43,Hatchback,C,JP,217
132,2016,0.07142857142857142,Nissan,Leaf,328,253690.0,147,43,Hatchback,C,JP,85
132,2017,0.03076923076923077,Nissan,Leaf,328,298668.0,147,43,Hatchback,C,JP,20
132,2018,0.4342194955691888,Nissan,Leaf,328,296943.5,147,43,Hatchback,C,JP,637
132,2019,0.05618594436310395,Nissan,Leaf,328,292405.7,147,43,Hatchback,C,JP,307
132,2020,0.039977397937561804,Nissan,Leaf,328,301729.7,147,43,Hatchback,C,JP,566
132,2021,0.01679112008072654,Nissan,Leaf,328,276483.9,147,43,Hatchback,C,JP,416
132,2022,0.007772443747754809,Nissan,Leaf,328,254638.1,147,43,Hatchback,C,JP,238
132,2023,0.001502787428294417,Nissan,Leaf,328,254638.1,147,43,Hatchback,C,JP,93
134,2013,0.0,Opel,Combo,271,0.0,134,26,MPV,M,DE,0
134,2014,0.0,Opel,Combo,271,0.0,134,26,MPV,M,DE,0
134,2015,0.0,Opel,Combo,271,0.0,134,26,MPV,M,DE,0
134,2016,0.0,Opel,Combo,271,0.0,134,26,MPV,M,DE,0
134,2017,0.0,Opel,Combo,271,0.0,134,26,MPV,M,DE,0
134,2018,0.0,Opel,Combo,271,0.0,134,26,MPV,M,DE,0
134,2019,0.0,Opel,Combo,271,0.0,134,26,MPV,M,DE,0
134,2020,0.0,Opel,Combo,271,0.0,134,26,MPV,M,DE,0
134,2021,4.0363269424823414e-05,Opel,Combo,271,322855.0,134,26,MPV,M,DE,1
134,2022,0.0007511185134384899,Opel,Combo,271,322855.0,134,26,MPV,M,DE,23
134,2023,0.0004201341197382241,Opel,Combo,271,283635.8,134,26,MPV,M,DE,26
135,2013,0.0,Opel,Corsa,346,0.0,154,27,Hatchback,B,DE,0
135,2014,0.0,Opel,Corsa,346,0.0,154,27,Hatchback,B,DE,0
135,2015,0.0,Opel,Corsa,346,0.0,154,27,Hatchback,B,DE,0
135,2016,0.0,Opel,Corsa,346,0.0,154,27,Hatchback,B,DE,0
135,2017,0.0,Opel,Corsa,346,0.0,154,27,Hatchback,B,DE,0
135,2018,0.0,Opel,Corsa,346,0.0,154,27,Hatchback,B,DE,0
135,2019,0.0,Opel,Corsa,346,0.0,154,27,Hatchback,B,DE,0
135,2020,0.003390309365729623,Opel,Corsa,346,255004.2,154,27,Hatchback,B,DE,48
135,2021,0.0052875882946518665,Opel,Corsa,346,269501.0,154,27,Hatchback,B,DE,131
135,2022,0.004310767120603507,Opel,Corsa,346,296424.3,154,27,Hatchback,B,DE,132
135,2023,0.00504160943685869,Opel,Corsa,346,249776.8,154,27,Hatchback,B,DE,312
136,2013,0.0,Opel,Mokka,325,0.0,154,26,SUV,B,DE,0
136,2014,0.0,Opel,Mokka,325,0.0,154,26,SUV,B,DE,0
136,2015,0.0,Opel,Mokka,325,0.0,154,26,SUV,B,DE,0
136,2016,0.0,Opel,Mokka,325,0.0,154,26,SUV,B,DE,0
136,2017,0.0,Opel,Mokka,325,0.0,154,26,SUV,B,DE,0
136,2018,0.0,Opel,Mokka,325,0.0,154,26,SUV,B,DE,0
136,2019,0.0,Opel,Mokka,325,0.0,154,26,SUV,B,DE,0
136,2020,0.0,Opel,Mokka,325,0.0,154,26,SUV,B,DE,0
136,2021,0.00698284561049445,Opel,Mokka,325,284338.0,154,26,SUV,B,DE,173
136,2022,0.003396361973808824,Opel,Mokka,325,326831.2,154,26,SUV,B,DE,104
136,2023,0.004104387169750343,Opel,Mokka,325,326831.2,154,26,SUV,B,DE,254
138,2013,0.0,Opel,Zafira,313,0.0,134,38,MPV,M,DE,0
138,2014,0.0,Opel,Zafira,313,0.0,134,38,MPV,M,DE,0
138,2015,0.0,Opel,Zafira,313,0.0,134,38,MPV,M,DE,0
138,2016,0.0,Opel,Zafira,313,0.0,134,38,MPV,M,DE,0
138,2017,0.0,Opel,Zafira,313,0.0,134,38,MPV,M,DE,0
138,2018,0.0,Opel,Zafira,313,0.0,134,38,MPV,M,DE,0
138,2019,0.0,Opel,Zafira,313,0.0,134,38,MPV,M,DE,0
138,2020,0.0,Opel,Zafira,313,0.0,134,38,MPV,M,DE,0
138,2021,0.0,Opel,Zafira,313,0.0,134,38,MPV,M,DE,0
138,2022,0.00035923059338362564,Opel,Zafira,313,440116.24,134,38,MPV,M,DE,11
138,2023,0.0006302011796073362,Opel,Zafira,313,440116.24,134,38,MPV,M,DE,39
140,2013,0.0,Peugeot,2008,335,0.0,154,26,SUV,B,FR,0
140,2014,0.0,Peugeot,2008,335,0.0,154,26,SUV,B,FR,0
140,2015,0.0,Peugeot,2008,335,0.0,154,26,SUV,B,FR,0
140,2016,0.0,Peugeot,2008,335,0.0,154,26,SUV,B,FR,0
140,2017,0.0,Peugeot,2008,335,0.0,154,26,SUV,B,FR,0
140,2018,0.0,Peugeot,2008,335,0.0,154,26,SUV,B,FR,0
140,2019,0.0,Peugeot,2008,335,0.0,154,26,SUV,B,FR,0
140,2020,0.015680180816499505,Peugeot,2008,335,326276.1,154,26,SUV,B,FR,222
140,2021,0.01231079717457114,Peugeot,2008,335,307601.3,154,26,SUV,B,FR,305
140,2022,0.007837758401097286,Peugeot,2008,335,322817.9,154,26,SUV,B,FR,240
140,2023,0.004492203280277935,Peugeot,2008,335,298402.0,154,26,SUV,B,FR,278
141,2013,0.0,Peugeot,208,346,0.0,154,27,Hatchback,B,FR,0
141,2014,0.0,Peugeot,208,346,0.0,154,27,Hatchback,B,FR,0
141,2015,0.0,Peugeot,208,346,0.0,154,27,Hatchback,B,FR,0
141,2016,0.0,Peugeot,208,346,0.0,154,27,Hatchback,B,FR,0
141,2017,0.0,Peugeot,208,346,0.0,154,27,Hatchback,B,FR,0
141,2018,0.0,Peugeot,208,346,0.0,154,27,Hatchback,B,FR,0
141,2019,0.0,Peugeot,208,346,0.0,154,27,Hatchback,B,FR,0
141,2020,0.020624381974855204,Peugeot,208,346,267414.4,154,27,Hatchback,B,FR,292
141,2021,0.013925327951564077,Peugeot,208,346,262431.0,154,27,Hatchback,B,FR,345
141,2022,0.01900656412266092,Peugeot,208,346,264166.3329177058,154,27,Hatchback,B,FR,582
141,2023,0.006318170800678678,Peugeot,208,346,305032.4,154,27,Hatchback,B,FR,391
142,2013,0.0,Peugeot,Expert,315,0.0,134,38,MPV,M,FR,0
142,2014,0.0,Peugeot,Expert,315,0.0,134,38,MPV,M,FR,0
142,2015,0.0,Peugeot,Expert,315,0.0,134,38,MPV,M,FR,0
142,2016,0.0,Peugeot,Expert,315,0.0,134,38,MPV,M,FR,0
142,2017,0.0,Peugeot,Expert,315,0.0,134,38,MPV,M,FR,0
142,2018,0.0,Peugeot,Expert,315,0.0,134,38,MPV,M,FR,0
142,2019,0.0,Peugeot,Expert,315,0.0,134,38,MPV,M,FR,0
142,2020,0.0,Peugeot,Expert,315,0.0,134,38,MPV,M,FR,0
142,2021,0.0,Peugeot,Expert,315,0.0,134,38,MPV,M,FR,0
142,2022,0.0,Peugeot,Expert,315,0.0,134,38,MPV,M,FR,0
142,2023,4.847701381594894e-05,Peugeot,Expert,315,556087.3333333334,134,38,MPV,M,FR,3
144,2013,0.0,Peugeot,Rifter,276,0.0,134,26,MPV,M,FR,0
144,2014,0.0,Peugeot,Rifter,276,0.0,134,26,MPV,M,FR,0
144,2015,0.0,Peugeot,Rifter,276,0.0,134,26,MPV,M,FR,0
144,2016,0.0,Peugeot,Rifter,276,0.0,134,26,MPV,M,FR,0
144,2017,0.0,Peugeot,Rifter,276,0.0,134,26,MPV,M,FR,0
144,2018,0.0,Peugeot,Rifter,276,0.0,134,26,MPV,M,FR,0
144,2019,0.0,Peugeot,Rifter,276,0.0,134,26,MPV,M,FR,0
144,2020,0.0,Peugeot,Rifter,276,0.0,134,26,MPV,M,FR,0
144,2021,0.0,Peugeot,Rifter,276,0.0,134,26,MPV,M,FR,0
144,2022,9.797198001371608e-05,Peugeot,Rifter,276,326897.7142857143,134,26,MPV,M,FR,3
144,2023,0.00017774905065847944,Peugeot,Rifter,276,326897.7142857143,134,26,MPV,M,FR,11
145,2013,0.0,Peugeot,Traveller,311,0.0,134,38,MPV,M,FR,0
145,2014,0.0,Peugeot,Traveller,311,0.0,134,38,MPV,M,FR,0
145,2015,0.0,Peugeot,Traveller,311,0.0,134,38,MPV,M,FR,0
145,2016,0.0,Peugeot,Traveller,311,0.0,134,38,MPV,M,FR,0
145,2017,0.0,Peugeot,Traveller,311,0.0,134,38,MPV,M,FR,0
145,2018,0.0,Peugeot,Traveller,311,0.0,134,38,MPV,M,FR,0
145,2019,0.0,Peugeot,Traveller,311,0.0,134,38,MPV,M,FR,0
145,2020,0.0,Peugeot,Traveller,311,0.0,134,38,MPV,M,FR,0
145,2021,0.0005650857719475277,Peugeot,Traveller,311,456840.0,134,38,MPV,M,FR,14
145,2022,0.00035923059338362564,Peugeot,Traveller,311,471939.8181818182,134,38,MPV,M,FR,11
145,2023,0.0001292720368425305,Peugeot,Traveller,311,471939.8181818182,134,38,MPV,M,FR,8
149,2013,0.0,Polestar,2,513,0.0,415,28,Liftback,D,SE,0
149,2014,0.0,Polestar,2,513,0.0,415,28,Liftback,D,SE,0
149,2015,0.0,Polestar,2,513,0.0,415,28,Liftback,D,SE,0
149,2016,0.0,Polestar,2,513,0.0,415,28,Liftback,D,SE,0
149,2017,0.0,Polestar,2,513,0.0,415,28,Liftback,D,SE,0
149,2018,0.0,Polestar,2,513,0.0,415,28,Liftback,D,SE,0
149,2019,0.0,Polestar,2,513,0.0,415,28,Liftback,D,SE,0
149,2020,0.00014126289023873428,Polestar,2,513,453632.8,415,28,Liftback,D,SE,2
149,2021,0.029505549949545913,Polestar,2,513,431489.3,415,28,Liftback,D,SE,731
149,2022,0.048332843473433265,Polestar,2,513,421832.0,415,28,Liftback,D,SE,1480
149,2023,0.03267350731194958,Polestar,2,513,389891.9,415,28,Liftback,D,SE,2022
150,2013,0.0,Porsche,Taycan,447,0.0,402,17,Sedan,F,DE,0
150,2014,0.0,Porsche,Taycan,447,0.0,402,17,Sedan,F,DE,0
150,2015,0.0,Porsche,Taycan,447,0.0,402,17,Sedan,F,DE,0
150,2016,0.0,Porsche,Taycan,447,0.0,402,17,Sedan,F,DE,0
150,2017,0.0,Porsche,Taycan,447,0.0,402,17,Sedan,F,DE,0
150,2018,0.0,Porsche,Taycan,447,0.0,402,17,Sedan,F,DE,0
150,2019,0.0,Porsche,Taycan,447,0.0,402,17,Sedan,F,DE,0
150,2020,0.022884588218674954,Porsche,Taycan,447,1350847.0,402,17,Sedan,F,DE,324
150,2021,0.01194752774974773,Porsche,Taycan,447,1086720.0,402,17,Sedan,F,DE,296
150,2022,0.008621534241207015,Porsche,Taycan,447,1224522.0,402,17,Sedan,F,DE,264
150,2023,0.0025692817322452936,Porsche,Taycan,447,1225670.091381101,402,17,Sedan,F,DE,159
156,2013,0.0,Renault,Megane,435,0.0,128,30,Hatchback,C,FR,0
156,2014,0.0,Renault,Megane,435,0.0,128,30,Hatchback,C,FR,0
156,2015,0.0,Renault,Megane,435,0.0,128,30,Hatchback,C,FR,0
156,2016,0.0,Renault,Megane,435,0.0,128,30,Hatchback,C,FR,0
156,2017,0.0,Renault,Megane,435,0.0,128,30,Hatchback,C,FR,0
156,2018,0.0,Renault,Megane,435,0.0,128,30,Hatchback,C,FR,0
156,2019,0.0,Renault,Megane,435,0.0,128,30,Hatchback,C,FR,0
156,2020,0.0,Renault,Megane,435,0.0,128,30,Hatchback,C,FR,0
156,2021,0.0,Renault,Megane,435,0.0,128,30,Hatchback,C,FR,0
156,2022,0.01270370007511185,Renault,Megane,435,343208.0,128,30,Hatchback,C,FR,389
156,2023,0.02155611214349196,Renault,Megane,435,292869.5,128,30,Hatchback,C,FR,1334
158,2013,0.2058165548098434,Renault,Zoe,365,173150.0,134,56,Hatchback,B,FR,92
158,2014,0.09764309764309764,Renault,Zoe,365,166300.0,134,56,Hatchback,B,FR,145
158,2015,0.08346017250126839,Renault,Zoe,365,194711.0,134,56,Hatchback,B,FR,329
158,2016,0.5142857142857142,Renault,Zoe,365,258205.2,134,56,Hatchback,B,FR,612
158,2017,0.5953846153846154,Renault,Zoe,365,258205.2,134,56,Hatchback,B,FR,387
158,2018,0.28698023176550785,Renault,Zoe,365,219845.5,134,56,Hatchback,B,FR,421
158,2019,0.10395314787701318,Renault,Zoe,365,219845.5,134,56,Hatchback,B,FR,568
158,2020,0.04972453736403447,Renault,Zoe,365,243734.2,134,56,Hatchback,B,FR,704
158,2021,0.03915237134207871,Renault,Zoe,365,244205.2,134,56,Hatchback,B,FR,970
158,2022,0.009927827308056563,Renault,Zoe,365,272191.9,134,56,Hatchback,B,FR,304
158,2023,0.00045245212894885674,Renault,Zoe,365,272191.9,134,56,Hatchback,B,FR,28
163,2013,0.0,Seat,Mii,251,0.0,81,48,Hatchback,A,SP,0
163,2014,0.0,Seat,Mii,251,0.0,81,48,Hatchback,A,SP,0
163,2015,0.0,Seat,Mii,251,0.0,81,48,Hatchback,A,SP,0
163,2016,0.0,Seat,Mii,251,0.0,81,48,Hatchback,A,SP,0
163,2017,0.0,Seat,Mii,251,0.0,81,48,Hatchback,A,SP,0
163,2018,0.0,Seat,Mii,251,0.0,81,48,Hatchback,A,SP,0
163,2019,0.0,Seat,Mii,251,0.0,81,48,Hatchback,A,SP,0
163,2020,0.014055657578754061,Seat,Mii,251,151296.5,81,48,Hatchback,A,SP,199
163,2021,0.01679112008072654,Seat,Mii,251,155710.0,81,48,Hatchback,A,SP,416
163,2022,0.0,Seat,Mii,251,0.0,81,48,Hatchback,A,SP,0
163,2023,0.0,Seat,Mii,251,0.0,81,48,Hatchback,A,SP,0
164,2013,0.0,Skoda,Citigo,256,0.0,81,48,Hatchback,A,CZ,0
164,2014,0.0,Skoda,Citigo,256,0.0,81,48,Hatchback,A,CZ,0
164,2015,0.0,Skoda,Citigo,256,0.0,81,48,Hatchback,A,CZ,0
164,2016,0.0,Skoda,Citigo,256,0.0,81,48,Hatchback,A,CZ,0
164,2017,0.0,Skoda,Citigo,256,0.0,81,48,Hatchback,A,CZ,0
164,2018,0.0,Skoda,Citigo,256,0.0,81,48,Hatchback,A,CZ,0
164,2019,0.0,Skoda,Citigo,256,0.0,81,48,Hatchback,A,CZ,0
164,2020,0.006003672835146207,Skoda,Citigo,256,156019.0,81,48,Hatchback,A,CZ,85
164,2021,0.0006054490413723512,Skoda,Citigo,256,155471.0,81,48,Hatchback,A,CZ,15
164,2022,6.531465334247739e-05,Skoda,Citigo,256,155471.0,81,48,Hatchback,A,CZ,2
164,2023,0.0,Skoda,Citigo,256,0.0,81,48,Hatchback,A,CZ,0
165,2013,0.0,Skoda,Enyaq iV,496,0.0,281,28,SUV,C,CZ,0
165,2014,0.0,Skoda,Enyaq iV,496,0.0,281,28,SUV,C,CZ,0
165,2015,0.0,Skoda,Enyaq iV,496,0.0,281,28,SUV,C,CZ,0
165,2016,0.0,Skoda,Enyaq iV,496,0.0,281,28,SUV,C,CZ,0
165,2017,0.0,Skoda,Enyaq iV,496,0.0,281,28,SUV,C,CZ,0
165,2018,0.0,Skoda,Enyaq iV,496,0.0,281,28,SUV,C,CZ,0
165,2019,0.0,Skoda,Enyaq iV,496,0.0,281,28,SUV,C,CZ,0
165,2020,0.0,Skoda,Enyaq iV,496,0.0,281,28,SUV,C,CZ,0
165,2021,0.038062563067608475,Skoda,Enyaq iV,496,404734.9,281,28,SUV,C,CZ,943
165,2022,0.07935730381111002,Skoda,Enyaq iV,496,434204.2,281,28,SUV,C,CZ,2430
165,2023,0.049591985133715766,Skoda,Enyaq iV,496,431949.5754780275,281,28,SUV,C,CZ,3069
167,2013,0.0022371364653243847,Smart,Fortwo,127,210457.5,80,60,Hatchback,A,DE,1
167,2014,0.0,Smart,Fortwo,127,0.0,80,60,Hatchback,A,DE,0
167,2015,0.0,Smart,Fortwo,127,0.0,80,60,Hatchback,A,DE,0
167,2016,0.0,Smart,Fortwo,127,0.0,80,60,Hatchback,A,DE,0
167,2017,0.0,Smart,Fortwo,127,0.0,80,60,Hatchback,A,DE,0
167,2018,0.0,Smart,Fortwo,127,0.0,80,60,Hatchback,A,DE,0
167,2019,0.0005490483162518302,Smart,Fortwo,127,210457.5,80,60,Hatchback,A,DE,3
167,2020,7.063144511936714e-05,Smart,Fortwo,127,210457.5,80,60,Hatchback,A,DE,1
167,2021,0.00012108980827447023,Smart,Fortwo,127,210457.5,80,60,Hatchback,A,DE,3
167,2022,6.531465334247739e-05,Smart,Fortwo,127,210457.5,80,60,Hatchback,A,DE,2
167,2023,4.847701381594894e-05,Smart,Fortwo,127,210457.5,80,60,Hatchback,A,DE,3
168,2013,0.0,SsangYong,Korando,346,0.0,187,36,SUV,C,KR,0
168,2014,0.0,SsangYong,Korando,346,0.0,187,36,SUV,C,KR,0
168,2015,0.0,SsangYong,Korando,346,0.0,187,36,SUV,C,KR,0
168,2016,0.0,SsangYong,Korando,346,0.0,187,36,SUV,C,KR,0
168,2017,0.0,SsangYong,Korando,346,0.0,187,36,SUV,C,KR,0
168,2018,0.0,SsangYong,Korando,346,0.0,187,36,SUV,C,KR,0
168,2019,0.0,SsangYong,Korando,346,0.0,187,36,SUV,C,KR,0
168,2020,0.0,SsangYong,Korando,346,0.0,187,36,SUV,C,KR,0
168,2021,0.0,SsangYong,Korando,346,0.0,187,36,SUV,C,KR,0
168,2022,0.0,SsangYong,Korando,346,0.0,187,36,SUV,C,KR,0
168,2023,6.463601842126525e-05,SsangYong,Korando,346,285308.0,187,36,SUV,C,KR,4
169,2013,0.0,Subaru,Solterra,426,0.0,214,28,SUV,D,JP,0
169,2014,0.0,Subaru,Solterra,426,0.0,214,28,SUV,D,JP,0
169,2015,0.0,Subaru,Solterra,426,0.0,214,28,SUV,D,JP,0
169,2016,0.0,Subaru,Solterra,426,0.0,214,28,SUV,D,JP,0
169,2017,0.0,Subaru,Solterra,426,0.0,214,28,SUV,D,JP,0
169,2018,0.0,Subaru,Solterra,426,0.0,214,28,SUV,D,JP,0
169,2019,0.0,Subaru,Solterra,426,0.0,214,28,SUV,D,JP,0
169,2020,0.0,Subaru,Solterra,426,0.0,214,28,SUV,D,JP,0
169,2021,0.0,Subaru,Solterra,426,0.0,214,28,SUV,D,JP,0
169,2022,0.00019594396002743216,Subaru,Solterra,426,429618.9,214,28,SUV,D,JP,6
169,2023,0.0007109962026339178,Subaru,Solterra,426,429618.9,214,28,SUV,D,JP,44
172,2013,0.0,Tesla,Model 3,542,0.0,278,25,Sedan,D,US,0
172,2014,0.0,Tesla,Model 3,542,0.0,278,25,Sedan,D,US,0
172,2015,0.0,Tesla,Model 3,542,0.0,278,25,Sedan,D,US,0
172,2016,0.0,Tesla,Model 3,542,0.0,278,25,Sedan,D,US,0
172,2017,0.0,Tesla,Model 3,542,0.0,278,25,Sedan,D,US,0
172,2018,0.0,Tesla,Model 3,542,0.0,278,25,Sedan,D,US,0
172,2019,0.4463762811127379,Tesla,Model 3,542,437753.3,278,25,Sedan,D,US,2439
172,2020,0.30209069077553324,Tesla,Model 3,542,442589.3,278,25,Sedan,D,US,4277
172,2021,0.07664984863773966,Tesla,Model 3,542,416317.4,278,25,Sedan,D,US,1899
172,2022,0.020606773129551614,Tesla,Model 3,542,453813.3,278,25,Sedan,D,US,631
172,2023,0.0679486143653551,Tesla,Model 3,542,358991,278,25,Sedan,D,US,4205
173,2013,0.2505592841163311,Tesla,Model S,609,719563.1,675,30,Liftback,F,US,112
173,2014,0.3111111111111111,Tesla,Model S,609,663972.1,675,30,Liftback,F,US,462
173,2015,0.691273465246068,Tesla,Model S,609,718250.0,675,30,Liftback,F,US,2725
173,2016,0.06554621848739496,Tesla,Model S,609,951251.0,675,30,Liftback,F,US,78
173,2017,0.07076923076923076,Tesla,Model S,609,969077.7,675,30,Liftback,F,US,46
173,2018,0.032038173142467624,Tesla,Model S,609,934961.0,675,30,Liftback,F,US,47
173,2019,0.034224011713030744,Tesla,Model S,609,871799.5,675,30,Liftback,F,US,187
173,2020,0.017516598389603052,Tesla,Model S,609,745924.0,675,30,Liftback,F,US,248
173,2021,4.0363269424823414e-05,Tesla,Model S,609,815284.0,675,30,Liftback,F,US,1
173,2022,0.0010450344534796382,Tesla,Model S,609,1120910.0,675,30,Liftback,F,US,32
173,2023,0.0018259675204007433,Tesla,Model S,609,1120910.0,675,30,Liftback,F,US,113
174,2013,0.0,Tesla,Model X,529,0.0,675,30,SUV,F,US,0
174,2014,0.0,Tesla,Model X,529,0.0,675,30,SUV,F,US,0
174,2015,0.0,Tesla,Model X,529,0.0,675,30,SUV,F,US,0
174,2016,0.08235294117647059,Tesla,Model X,529,1102869.0,675,30,SUV,F,US,98
174,2017,0.08,Tesla,Model X,529,1159293.0,675,30,SUV,F,US,52
174,2018,0.032719836400818,Tesla,Model X,529,1135590.0,675,30,SUV,F,US,48
174,2019,0.019765739385065886,Tesla,Model X,529,968145.9,675,30,SUV,F,US,108
174,2020,0.013773131798276593,Tesla,Model X,529,858485.0,675,30,SUV,F,US,195
174,2021,4.0363269424823414e-05,Tesla,Model X,529,919387.3,675,30,SUV,F,US,1
174,2022,0.0008164331667809673,Tesla,Model X,529,1284679.0,675,30,SUV,F,US,25
174,2023,0.0009372222671083461,Tesla,Model X,529,1284679.0,675,30,SUV,F,US,58
175,2013,0.0,Tesla,Model Y,506,0.0,506,27,SUV,D,US,0
175,2014,0.0,Tesla,Model Y,506,0.0,506,27,SUV,D,US,0
175,2015,0.0,Tesla,Model Y,506,0.0,506,27,SUV,D,US,0
175,2016,0.0,Tesla,Model Y,506,0.0,506,27,SUV,D,US,0
175,2017,0.0,Tesla,Model Y,506,0.0,506,27,SUV,D,US,0
175,2018,0.0,Tesla,Model Y,506,0.0,506,27,SUV,D,US,0
175,2019,0.0,Tesla,Model Y,506,0.0,506,27,SUV,D,US,0
175,2020,0.0,Tesla,Model Y,506,0.0,506,27,SUV,D,US,0
175,2021,0.06151362260343088,Tesla,Model Y,506,503239.0,506,27,SUV,D,US,1524
175,2022,0.07560171124391757,Tesla,Model Y,506,521150.6,506,27,SUV,D,US,2315
175,2023,0.2901026096792438,Tesla,Model Y,506,405554.4,506,27,SUV,D,US,17953
176,2013,0.0,Toyota,bZ4X,470,0.0,214,28,SUV,D,JP,0
176,2014,0.0,Toyota,bZ4X,470,0.0,214,28,SUV,D,JP,0
176,2015,0.0,Toyota,bZ4X,470,0.0,214,28,SUV,D,JP,0
176,2016,0.0,Toyota,bZ4X,470,0.0,214,28,SUV,D,JP,0
176,2017,0.0,Toyota,bZ4X,470,0.0,214,28,SUV,D,JP,0
176,2018,0.0,Toyota,bZ4X,470,0.0,214,28,SUV,D,JP,0
176,2019,0.0,Toyota,bZ4X,470,0.0,214,28,SUV,D,JP,0
176,2020,0.0,Toyota,bZ4X,470,0.0,214,28,SUV,D,JP,0
176,2021,0.0,Toyota,bZ4X,470,0.0,214,28,SUV,D,JP,0
176,2022,0.004441396427288462,Toyota,bZ4X,470,430322.5,214,28,SUV,D,JP,136
176,2023,0.015124828310576068,Toyota,bZ4X,470,418708.0,214,28,SUV,D,JP,936
178,2013,0.0,Toyota,Proace City Verso,318,0.0,134,26,MPV,M,JP,0
178,2014,0.0,Toyota,Proace City Verso,318,0.0,134,26,MPV,M,JP,0
178,2015,0.0,Toyota,Proace City Verso,318,0.0,134,26,MPV,M,JP,0
178,2016,0.0,Toyota,Proace City Verso,318,0.0,134,26,MPV,M,JP,0
178,2017,0.0,Toyota,Proace City Verso,318,0.0,134,26,MPV,M,JP,0
178,2018,0.0,Toyota,Proace City Verso,318,0.0,134,26,MPV,M,JP,0
178,2019,0.0,Toyota,Proace City Verso,318,0.0,134,26,MPV,M,JP,0
178,2020,0.0,Toyota,Proace City Verso,318,0.0,134,26,MPV,M,JP,0
178,2021,0.0,Toyota,Proace City Verso,318,0.0,134,26,MPV,M,JP,0
178,2022,0.00016328663335619345,Toyota,Proace City Verso,318,327908.4615384616,134,26,MPV,M,JP,5
178,2023,0.00014543104144784682,Toyota,Proace City Verso,318,327908.4615384616,134,26,MPV,M,JP,9
179,2013,0.0,Toyota,Proace Verso,303,0.0,134,38,MPV,M,JP,0
179,2014,0.0,Toyota,Proace Verso,303,0.0,134,38,MPV,M,JP,0
179,2015,0.0,Toyota,Proace Verso,303,0.0,134,38,MPV,M,JP,0
179,2016,0.0,Toyota,Proace Verso,303,0.0,134,38,MPV,M,JP,0
179,2017,0.0,Toyota,Proace Verso,303,0.0,134,38,MPV,M,JP,0
179,2018,0.0,Toyota,Proace Verso,303,0.0,134,38,MPV,M,JP,0
179,2019,0.0,Toyota,Proace Verso,303,0.0,134,38,MPV,M,JP,0
179,2020,0.0,Toyota,Proace Verso,303,0.0,134,38,MPV,M,JP,0
179,2021,0.0012512613521695258,Toyota,Proace Verso,303,395876.8192771084,134,38,MPV,M,JP,31
179,2022,0.001371607720192025,Toyota,Proace Verso,303,395876.8192771084,134,38,MPV,M,JP,42
179,2023,0.00033933909671164257,Toyota,Proace Verso,303,395876.8192771084,134,38,MPV,M,JP,21
181,2013,0.0,Volkswagen,Golf,230,0.0,134,36,Hatchback,C,DE,0
181,2014,0.013468013468013467,Volkswagen,Golf,230,319630.0,134,36,Hatchback,C,DE,20
181,2015,0.023338406900050734,Volkswagen,Golf,230,319630.0,134,36,Hatchback,C,DE,92
181,2016,0.010924369747899159,Volkswagen,Golf,230,319630.0,134,36,Hatchback,C,DE,13
181,2017,0.055384615384615386,Volkswagen,Golf,230,276162.3,134,36,Hatchback,C,DE,36
181,2018,0.023176550783912748,Volkswagen,Golf,230,293139.7,134,36,Hatchback,C,DE,34
181,2019,0.0031112737920937043,Volkswagen,Golf,230,309727.6,134,36,Hatchback,C,DE,17
181,2020,0.04400339030936573,Volkswagen,Golf,230,323145.6,134,36,Hatchback,C,DE,623
181,2021,0.00012108980827447023,Volkswagen,Golf,230,322596.5,134,36,Hatchback,C,DE,3
181,2022,3.2657326671238694e-05,Volkswagen,Golf,230,312515.0,134,36,Hatchback,C,DE,1
181,2023,1.6159004605316314e-05,Volkswagen,Golf,230,312515.0,134,36,Hatchback,C,DE,1
182,2013,0.0,Volkswagen,ID.3,436,0.0,201,32,Hatchback,C,DE,0
182,2014,0.0,Volkswagen,ID.3,436,0.0,201,32,Hatchback,C,DE,0
182,2015,0.0,Volkswagen,ID.3,436,0.0,201,32,Hatchback,C,DE,0
182,2016,0.0,Volkswagen,ID.3,436,0.0,201,32,Hatchback,C,DE,0
182,2017,0.0,Volkswagen,ID.3,436,0.0,201,32,Hatchback,C,DE,0
182,2018,0.0,Volkswagen,ID.3,436,0.0,201,32,Hatchback,C,DE,0
182,2019,0.0,Volkswagen,ID.3,436,0.0,201,32,Hatchback,C,DE,0
182,2020,0.12162734849555022,Volkswagen,ID.3,436,371544.9,201,32,Hatchback,C,DE,1722
182,2021,0.06986881937436933,Volkswagen,ID.3,436,330722.9,201,32,Hatchback,C,DE,1731
182,2022,0.020443486496195422,Volkswagen,ID.3,436,340185.3,201,32,Hatchback,C,DE,626
182,2023,0.018550537286903125,Volkswagen,ID.3,436,353177.5,201,32,Hatchback,C,DE,1148
183,2013,0.0,Volkswagen,ID.4,502,0.0,281,28,SUV,C,DE,0
183,2014,0.0,Volkswagen,ID.4,502,0.0,281,28,SUV,C,DE,0
183,2015,0.0,Volkswagen,ID.4,502,0.0,281,28,SUV,C,DE,0
183,2016,0.0,Volkswagen,ID.4,502,0.0,281,28,SUV,C,DE,0
183,2017,0.0,Volkswagen,ID.4,502,0.0,281,28,SUV,C,DE,0
183,2018,0.0,Volkswagen,ID.4,502,0.0,281,28,SUV,C,DE,0
183,2019,0.0,Volkswagen,ID.4,502,0.0,281,28,SUV,C,DE,0
183,2020,0.0,Volkswagen,ID.4,502,0.0,281,28,SUV,C,DE,0
183,2021,0.10772956609485368,Volkswagen,ID.4,502,409920.0,281,28,SUV,C,DE,2669
183,2022,0.07583031253061624,Volkswagen,ID.4,502,429855.6,281,28,SUV,C,DE,2322
183,2023,0.04107618970671407,Volkswagen,ID.4,502,420158.0,281,28,SUV,C,DE,2542
184,2013,0.0,Volkswagen,ID.5,514,0.0,281,28,SUV,C,DE,0
184,2014,0.0,Volkswagen,ID.5,514,0.0,281,28,SUV,C,DE,0
184,2015,0.0,Volkswagen,ID.5,514,0.0,281,28,SUV,C,DE,0
184,2016,0.0,Volkswagen,ID.5,514,0.0,281,28,SUV,C,DE,0
184,2017,0.0,Volkswagen,ID.5,514,0.0,281,28,SUV,C,DE,0
184,2018,0.0,Volkswagen,ID.5,514,0.0,281,28,SUV,C,DE,0
184,2019,0.0,Volkswagen,ID.5,514,0.0,281,28,SUV,C,DE,0
184,2020,0.0,Volkswagen,ID.5,514,0.0,281,28,SUV,C,DE,0
184,2021,0.0,Volkswagen,ID.5,514,0.0,281,28,SUV,C,DE,0
184,2022,0.06606577185591588,Volkswagen,ID.5,514,461056.3,281,28,SUV,C,DE,2023
184,2023,0.016142845600710998,Volkswagen,ID.5,514,413068.3,281,28,SUV,C,DE,999
185,2013,0.0,Volkswagen,ID.7,597,0.0,281,28,Sedan,E,DE,0
185,2014,0.0,Volkswagen,ID.7,597,0.0,281,28,Sedan,E,DE,0
185,2015,0.0,Volkswagen,ID.7,597,0.0,281,28,Sedan,E,DE,0
185,2016,0.0,Volkswagen,ID.7,597,0.0,281,28,Sedan,E,DE,0
185,2017,0.0,Volkswagen,ID.7,597,0.0,281,28,Sedan,E,DE,0
185,2018,0.0,Volkswagen,ID.7,597,0.0,281,28,Sedan,E,DE,0
185,2019,0.0,Volkswagen,ID.7,597,0.0,281,28,Sedan,E,DE,0
185,2020,0.0,Volkswagen,ID.7,597,0.0,281,28,Sedan,E,DE,0
185,2021,0.0,Volkswagen,ID.7,597,0.0,281,28,Sedan,E,DE,0
185,2022,0.0,Volkswagen,ID.7,597,0.0,281,28,Sedan,E,DE,0
185,2023,0.0031833239072473134,Volkswagen,ID.7,597,494230.7076923077,281,28,Sedan,E,DE,197
186,2013,0.0,Volkswagen,ID.Buzz,412,0.0,201,30,MPV,M,DE,0
186,2014,0.0,Volkswagen,ID.Buzz,412,0.0,201,30,MPV,M,DE,0
186,2015,0.0,Volkswagen,ID.Buzz,412,0.0,201,30,MPV,M,DE,0
186,2016,0.0,Volkswagen,ID.Buzz,412,0.0,201,30,MPV,M,DE,0
186,2017,0.0,Volkswagen,ID.Buzz,412,0.0,201,30,MPV,M,DE,0
186,2018,0.0,Volkswagen,ID.Buzz,412,0.0,201,30,MPV,M,DE,0
186,2019,0.0,Volkswagen,ID.Buzz,412,0.0,201,30,MPV,M,DE,0
186,2020,0.0,Volkswagen,ID.Buzz,412,0.0,201,30,MPV,M,DE,0
186,2021,0.0,Volkswagen,ID.Buzz,412,0.0,201,30,MPV,M,DE,0
186,2022,0.00029391594004114823,Volkswagen,ID.Buzz,412,559863.5,201,30,MPV,M,DE,9
186,2023,0.019471600549406158,Volkswagen,ID.Buzz,412,524574.7,201,30,MPV,M,DE,1205
187,2013,0.06711409395973154,Volkswagen,up!,256,173761.9192625556,81,48,Hatchback,A,DE,30
187,2014,0.14747474747474748,Volkswagen,up!,256,173761.9192625556,81,48,Hatchback,A,DE,219
187,2015,0.020040588533739218,Volkswagen,up!,256,173761.9192625556,81,48,Hatchback,A,DE,79
187,2016,0.04957983193277311,Volkswagen,up!,256,192598.0,81,48,Hatchback,A,DE,59
187,2017,0.07076923076923076,Volkswagen,up!,256,194541.0,81,48,Hatchback,A,DE,46
187,2018,0.012951601908657124,Volkswagen,up!,256,210218.0,81,48,Hatchback,A,DE,19
187,2019,0.004209370424597365,Volkswagen,up!,256,180231.0,81,48,Hatchback,A,DE,23
187,2020,0.026063003249046476,Volkswagen,up!,256,174853.0,81,48,Hatchback,A,DE,369
187,2021,0.03015136226034309,Volkswagen,up!,256,179395.0,81,48,Hatchback,A,DE,747
187,2022,0.007805101074426048,Volkswagen,up!,256,198756.0,81,48,Hatchback,A,DE,239
187,2023,0.0012765613638199887,Volkswagen,up!,256,174853.0,81,48,Hatchback,A,DE,79
188,2013,0.0,Volvo,C40,466,0.0,402,28,SUV,C,SE,0
188,2014,0.0,Volvo,C40,466,0.0,402,28,SUV,C,SE,0
188,2015,0.0,Volvo,C40,466,0.0,402,28,SUV,C,SE,0
188,2016,0.0,Volvo,C40,466,0.0,402,28,SUV,C,SE,0
188,2017,0.0,Volvo,C40,466,0.0,402,28,SUV,C,SE,0
188,2018,0.0,Volvo,C40,466,0.0,402,28,SUV,C,SE,0
188,2019,0.0,Volvo,C40,466,0.0,402,28,SUV,C,SE,0
188,2020,0.0,Volvo,C40,466,0.0,402,28,SUV,C,SE,0
188,2021,4.0363269424823414e-05,Volvo,C40,466,479795.9,402,28,SUV,C,SE,1
188,2022,0.009699226021357891,Volvo,C40,466,453694.1,402,28,SUV,C,SE,297
188,2023,0.008354205380948533,Volvo,C40,466,430664.9,402,28,SUV,C,SE,517
189,2013,0.0,Volvo,EX30,475,0.0,268,28,SUV,B,SE,0
189,2014,0.0,Volvo,EX30,475,0.0,268,28,SUV,B,SE,0
189,2015,0.0,Volvo,EX30,475,0.0,268,28,SUV,B,SE,0
189,2016,0.0,Volvo,EX30,475,0.0,268,28,SUV,B,SE,0
189,2017,0.0,Volvo,EX30,475,0.0,268,28,SUV,B,SE,0
189,2018,0.0,Volvo,EX30,475,0.0,268,28,SUV,B,SE,0
189,2019,0.0,Volvo,EX30,475,0.0,268,28,SUV,B,SE,0
189,2020,0.0,Volvo,EX30,475,0.0,268,28,SUV,B,SE,0
189,2021,0.0,Volvo,EX30,475,0.0,268,28,SUV,B,SE,0
189,2022,0.0,Volvo,EX30,475,0.0,268,28,SUV,B,SE,0
189,2023,6.463601842126525e-05,Volvo,EX30,475,368245.0,268,28,SUV,B,SE,4
190,2013,0.0,Volvo,XC40,457,0.0,402,28,SUV,C,SE,0
190,2014,0.0,Volvo,XC40,457,0.0,402,28,SUV,C,SE,0
190,2015,0.0,Volvo,XC40,457,0.0,402,28,SUV,C,SE,0
190,2016,0.0,Volvo,XC40,457,0.0,402,28,SUV,C,SE,0
190,2017,0.0,Volvo,XC40,457,0.0,402,28,SUV,C,SE,0
190,2018,0.0,Volvo,XC40,457,0.0,402,28,SUV,C,SE,0
190,2019,0.0,Volvo,XC40,457,0.0,402,28,SUV,C,SE,0
190,2020,0.0,Volvo,XC40,457,0.0,402,28,SUV,C,SE,0
190,2021,0.014651866801210897,Volvo,XC40,457,462060.6,402,28,SUV,C,SE,363
190,2022,0.03331047320466347,Volvo,XC40,457,416263.4,402,28,SUV,C,SE,1020
190,2023,0.031752444049446556,Volvo,XC40,457,439266.6,402,28,SUV,C,SE,1965
192,2013,0.0,Voyah,Free,500,0.0,482,55,SUV,E,CH,0
192,2014,0.0,Voyah,Free,500,0.0,482,55,SUV,E,CH,0
192,2015,0.0,Voyah,Free,500,0.0,482,55,SUV,E,CH,0
192,2016,0.0,Voyah,Free,500,0.0,482,55,SUV,E,CH,0
192,2017,0.0,Voyah,Free,500,0.0,482,55,SUV,E,CH,0
192,2018,0.0,Voyah,Free,500,0.0,482,55,SUV,E,CH,0
192,2019,0.0,Voyah,Free,500,0.0,482,55,SUV,E,CH,0
192,2020,0.0,Voyah,Free,500,0.0,482,55,SUV,E,CH,0
192,2021,0.0,Voyah,Free,500,0.0,482,55,SUV,E,CH,0
192,2022,0.0,Voyah,Free,500,0.0,482,55,SUV,E,CH,0
192,2023,0.0001292720368425305,Voyah,Free,500,504768.5,482,55,SUV,E,CH,8
